make[1]: Entering directory '/home/runner/work/a72-kernel-build/a72-kernel-build/kernel_workspace/android-kernel/out'
OplusKernelEnvConfig.mk:111: myfeature is OPLUS_FEATURE_HANS_FREEZE
OplusKernelEnvConfig.mk:111: myfeature is OPLUS_FEATURE_AOD
OplusKernelEnvConfig.mk:111: myfeature is OPLUS_FEATURE_DC
OplusKernelEnvConfig.mk:111: myfeature is OPLUS_FEATURE_ENABLE_MODEM_DB
OplusKernelEnvConfig.mk:111: myfeature is OPLUS_FEATURE_ENGINEERTOOLS
OplusKernelEnvConfig.mk:111: myfeature is OPLUS_FEATURE_HEALTHINFO
OplusKernelEnvConfig.mk:111: myfeature is OPLUS_FEATURE_TASK_CPUSTATS
OplusKernelEnvConfig.mk:111: myfeature is OPLUS_FEATURE_FACERECOGNITION
OplusKernelEnvConfig.mk:111: myfeature is OPLUS_FEATURE_FASTBOOT_UNLOCK_VERIFY
OplusKernelEnvConfig.mk:111: myfeature is OPLUS_FEATURE_FG_IO_OPT
OplusKernelEnvConfig.mk:111: myfeature is OPLUS_FEATURE_SCHED_ASSIST
OplusKernelEnvConfig.mk:111: myfeature is OPLUS_FEATURE_SDCARD_INFO
OplusKernelEnvConfig.mk:111: myfeature is OPLUS_FEATURE_FINGERPRINT
OplusKernelEnvConfig.mk:111: myfeature is OPLUS_FEATURE_SPECIALOPT
OplusKernelEnvConfig.mk:111: myfeature is OPLUS_FEATURE_UFSPLUS
OplusKernelEnvConfig.mk:111: myfeature is OPLUS_FEATURE_STORAGE_TOOL
OplusKernelEnvConfig.mk:111: myfeature is OPLUS_FEATURE_MIPICLKCHANGE
OplusKernelEnvConfig.mk:111: myfeature is OPLUS_FEATURE_MULTI_FREEAREA
OplusKernelEnvConfig.mk:111: myfeature is OPLUS_FEATURE_MULTI_KSWAPD
OplusKernelEnvConfig.mk:111: myfeature is OPLUS_FEATURE_NFC_CONSOFT
OplusKernelEnvConfig.mk:111: myfeature is OPLUS_FEATURE_ONSCREENFINGERPRINT
OplusKernelEnvConfig.mk:111: myfeature is OPLUS_FEATURE_OSC
OplusKernelEnvConfig.mk:111: myfeature is OPLUS_FEATURE_PHOENIX
OplusKernelEnvConfig.mk:111: myfeature is OPLUS_FEATURE_AGINGTEST
OplusKernelEnvConfig.mk:111: myfeature is OPLUS_FEATURE_PROCESS_RECLAIM
OplusKernelEnvConfig.mk:111: myfeature is OPLUS_FEATURE_RESET_ROLLBACK_INDEX
OplusKernelEnvConfig.mk:111: myfeature is OPLUS_FEATURE_SELINUX_CONTROL_LOG
OplusKernelEnvConfig.mk:111: myfeature is OPLUS_FEATURE_SENSOR
OplusKernelEnvConfig.mk:111: myfeature is OPLUS_FEATURE_SENSOR_ALGORITHM
OplusKernelEnvConfig.mk:111: myfeature is OPLUS_FEATURE_SENSOR_SMEM
OplusKernelEnvConfig.mk:111: myfeature is OPLUS_FEATURE_SENSOR_WISELIGHT
OplusKernelEnvConfig.mk:111: myfeature is OPLUS_FEATURE_IOMONITOR
OplusKernelEnvConfig.mk:111: myfeature is OPLUS_FEATURE_SPEAKER_MUTE
OplusKernelEnvConfig.mk:111: myfeature is OPLUS_FEATURE_MM_FEEDBACK
OplusKernelEnvConfig.mk:111: myfeature is OPLUS_FEATURE_TP_BSPFWUPDATE
OplusKernelEnvConfig.mk:111: myfeature is OPLUS_FEATURE_CHG_BASIC
OplusKernelEnvConfig.mk:111: myfeature is OPLUS_FEATURE_VIRTUAL_RESERVE_MEMORY
OplusKernelEnvConfig.mk:111: myfeature is OPLUS_FEATURE_MEMLEAK_DETECT
OplusKernelEnvConfig.mk:111: myfeature is OPLUS_FEATURE_WIFI_MTUDETECT
OplusKernelEnvConfig.mk:111: myfeature is OPLUS_FEATURE_WIFI_RUSUPGRADE
OplusKernelEnvConfig.mk:111: myfeature is OPLUS_FEATURE_WIFI_SLA
OplusKernelEnvConfig.mk:111: myfeature is OPLUS_FEATURE_DATA_EVAL
OplusKernelEnvConfig.mk:111: myfeature is OPLUS_FEATURE_WIFI_SMART_BW
OplusKernelEnvConfig.mk:111: myfeature is OPLUS_FEATURE_IPV6_OPTIMIZE
OplusKernelEnvConfig.mk:111: myfeature is OPLUS_FEATURE_ZRAM_OPT
OplusKernelEnvConfig.mk:111: myfeature is OPLUS_FEATURE_EXFAT_SUPPORT
OplusKernelEnvConfig.mk:111: myfeature is OPLUS_FEATURE_SDCARDFS_SUPPORT
OplusKernelEnvConfig.mk:111: myfeature is OPLUS_FEATURE_STORAGE_TOOL
OplusKernelEnvConfig.mk:111: myfeature is OPLUS_BUG_COMPATIBILITY
OplusKernelEnvConfig.mk:111: myfeature is OPLUS_FEATURE_MIDAS
OplusKernelEnvConfig.mk:111: myfeature is OPLUS_BUG_STABILITY
OplusKernelEnvConfig.mk:111: myfeature is OPLUS_BUG_DEBUG
OplusKernelEnvConfig.mk:111: myfeature is OPLUS_ARCH_INJECT
OplusKernelEnvConfig.mk:111: myfeature is OPLUS_ARCH_EXTENDS
OplusKernelEnvConfig.mk:111: myfeature is OPLUS_FEATURE_LOWMEM_DBG
OplusKernelEnvConfig.mk:111: myfeature is OPLUS_FEATURE_PERFORMANCE
OplusKernelEnvConfig.mk:111: myfeature is OPLUS_FEATURE_MTK_ION_SEPARATE_LOCK
OplusKernelEnvConfig.mk:111: myfeature is OPLUS_FEATURE_POWERINFO_STANDBY
OplusKernelEnvConfig.mk:111: myfeature is OPLUS_FEATURE_POWERINFO_STANDBY_DEBUG
OplusKernelEnvConfig.mk:111: myfeature is OPLUS_FEATURE_POWERINFO_RPMH
OplusKernelEnvConfig.mk:111: myfeature is OPLUS_FEATURE_POWERINFO_FTM
OplusKernelEnvConfig.mk:111: myfeature is OPLUS_FEATURE_SCHEDUTIL_USE_TL
OplusKernelEnvConfig.mk:111: myfeature is OPLUS_FEATURE_CORE_CTL
OplusKernelEnvConfig.mk:111: myfeature is OPLUS_FEATURE_STORAGE_TOOL
OplusKernelEnvConfig.mk:111: myfeature is OPLUS_FEATURE_CAMERA_COMMON
OplusKernelEnvConfig.mk:111: myfeature is OPLUS_FEATURE_WIFI_OPLUSWFD
OplusKernelEnvConfig.mk:111: myfeature is OPLUS_FEATURE_HANS_FREEZE
OplusKernelEnvConfig.mk:111: myfeature is OPLUS_FEATURE_AOD
OplusKernelEnvConfig.mk:111: myfeature is OPLUS_FEATURE_DC
OplusKernelEnvConfig.mk:111: myfeature is OPLUS_FEATURE_ENABLE_MODEM_DB
OplusKernelEnvConfig.mk:111: myfeature is OPLUS_FEATURE_ENGINEERTOOLS
OplusKernelEnvConfig.mk:111: myfeature is OPLUS_FEATURE_HEALTHINFO
OplusKernelEnvConfig.mk:111: myfeature is OPLUS_FEATURE_TASK_CPUSTATS
OplusKernelEnvConfig.mk:111: myfeature is OPLUS_FEATURE_FACERECOGNITION
OplusKernelEnvConfig.mk:111: myfeature is OPLUS_FEATURE_FASTBOOT_UNLOCK_VERIFY
OplusKernelEnvConfig.mk:111: myfeature is OPLUS_FEATURE_FG_IO_OPT
OplusKernelEnvConfig.mk:111: myfeature is OPLUS_FEATURE_SCHED_ASSIST
OplusKernelEnvConfig.mk:111: myfeature is OPLUS_FEATURE_SDCARD_INFO
OplusKernelEnvConfig.mk:111: myfeature is OPLUS_FEATURE_FINGERPRINT
OplusKernelEnvConfig.mk:111: myfeature is OPLUS_FEATURE_SPECIALOPT
OplusKernelEnvConfig.mk:111: myfeature is OPLUS_FEATURE_UFSPLUS
OplusKernelEnvConfig.mk:111: myfeature is OPLUS_FEATURE_STORAGE_TOOL
OplusKernelEnvConfig.mk:111: myfeature is OPLUS_FEATURE_MIPICLKCHANGE
OplusKernelEnvConfig.mk:111: myfeature is OPLUS_FEATURE_MULTI_FREEAREA
OplusKernelEnvConfig.mk:111: myfeature is OPLUS_FEATURE_MULTI_KSWAPD
OplusKernelEnvConfig.mk:111: myfeature is OPLUS_FEATURE_NFC_CONSOFT
OplusKernelEnvConfig.mk:111: myfeature is OPLUS_FEATURE_ONSCREENFINGERPRINT
OplusKernelEnvConfig.mk:111: myfeature is OPLUS_FEATURE_OSC
OplusKernelEnvConfig.mk:111: myfeature is OPLUS_FEATURE_PHOENIX
OplusKernelEnvConfig.mk:111: myfeature is OPLUS_FEATURE_AGINGTEST
OplusKernelEnvConfig.mk:111: myfeature is OPLUS_FEATURE_PROCESS_RECLAIM
OplusKernelEnvConfig.mk:111: myfeature is OPLUS_FEATURE_RESET_ROLLBACK_INDEX
OplusKernelEnvConfig.mk:111: myfeature is OPLUS_FEATURE_SELINUX_CONTROL_LOG
OplusKernelEnvConfig.mk:111: myfeature is OPLUS_FEATURE_SENSOR
OplusKernelEnvConfig.mk:111: myfeature is OPLUS_FEATURE_SENSOR_ALGORITHM
OplusKernelEnvConfig.mk:111: myfeature is OPLUS_FEATURE_SENSOR_SMEM
OplusKernelEnvConfig.mk:111: myfeature is OPLUS_FEATURE_SENSOR_WISELIGHT
OplusKernelEnvConfig.mk:111: myfeature is OPLUS_FEATURE_IOMONITOR
OplusKernelEnvConfig.mk:111: myfeature is OPLUS_FEATURE_SPEAKER_MUTE
OplusKernelEnvConfig.mk:111: myfeature is OPLUS_FEATURE_MM_FEEDBACK
OplusKernelEnvConfig.mk:111: myfeature is OPLUS_FEATURE_TP_BSPFWUPDATE
OplusKernelEnvConfig.mk:111: myfeature is OPLUS_FEATURE_CHG_BASIC
OplusKernelEnvConfig.mk:111: myfeature is OPLUS_FEATURE_VIRTUAL_RESERVE_MEMORY
OplusKernelEnvConfig.mk:111: myfeature is OPLUS_FEATURE_MEMLEAK_DETECT
OplusKernelEnvConfig.mk:111: myfeature is OPLUS_FEATURE_WIFI_MTUDETECT
OplusKernelEnvConfig.mk:111: myfeature is OPLUS_FEATURE_WIFI_RUSUPGRADE
OplusKernelEnvConfig.mk:111: myfeature is OPLUS_FEATURE_WIFI_SLA
OplusKernelEnvConfig.mk:111: myfeature is OPLUS_FEATURE_DATA_EVAL
OplusKernelEnvConfig.mk:111: myfeature is OPLUS_FEATURE_WIFI_SMART_BW
OplusKernelEnvConfig.mk:111: myfeature is OPLUS_FEATURE_IPV6_OPTIMIZE
OplusKernelEnvConfig.mk:111: myfeature is OPLUS_FEATURE_ZRAM_OPT
OplusKernelEnvConfig.mk:111: myfeature is OPLUS_FEATURE_EXFAT_SUPPORT
OplusKernelEnvConfig.mk:111: myfeature is OPLUS_FEATURE_SDCARDFS_SUPPORT
OplusKernelEnvConfig.mk:111: myfeature is OPLUS_FEATURE_STORAGE_TOOL
OplusKernelEnvConfig.mk:111: myfeature is OPLUS_BUG_COMPATIBILITY
OplusKernelEnvConfig.mk:111: myfeature is OPLUS_FEATURE_MIDAS
OplusKernelEnvConfig.mk:111: myfeature is OPLUS_BUG_STABILITY
OplusKernelEnvConfig.mk:111: myfeature is OPLUS_BUG_DEBUG
OplusKernelEnvConfig.mk:111: myfeature is OPLUS_ARCH_INJECT
OplusKernelEnvConfig.mk:111: myfeature is OPLUS_ARCH_EXTENDS
OplusKernelEnvConfig.mk:111: myfeature is OPLUS_FEATURE_LOWMEM_DBG
OplusKernelEnvConfig.mk:111: myfeature is OPLUS_FEATURE_PERFORMANCE
OplusKernelEnvConfig.mk:111: myfeature is OPLUS_FEATURE_MTK_ION_SEPARATE_LOCK
OplusKernelEnvConfig.mk:111: myfeature is OPLUS_FEATURE_POWERINFO_STANDBY
OplusKernelEnvConfig.mk:111: myfeature is OPLUS_FEATURE_POWERINFO_STANDBY_DEBUG
OplusKernelEnvConfig.mk:111: myfeature is OPLUS_FEATURE_POWERINFO_RPMH
OplusKernelEnvConfig.mk:111: myfeature is OPLUS_FEATURE_POWERINFO_FTM
OplusKernelEnvConfig.mk:111: myfeature is OPLUS_FEATURE_SCHEDUTIL_USE_TL
OplusKernelEnvConfig.mk:111: myfeature is OPLUS_FEATURE_CORE_CTL
OplusKernelEnvConfig.mk:111: myfeature is OPLUS_FEATURE_STORAGE_TOOL
OplusKernelEnvConfig.mk:111: myfeature is OPLUS_FEATURE_CAMERA_COMMON
OplusKernelEnvConfig.mk:111: myfeature is OPLUS_FEATURE_WIFI_OPLUSWFD
OplusKernelEnvConfig.mk:111: myfeature is OPLUS_FEATURE_HANS_FREEZE
OplusKernelEnvConfig.mk:111: myfeature is OPLUS_FEATURE_AOD
OplusKernelEnvConfig.mk:111: myfeature is OPLUS_FEATURE_DC
OplusKernelEnvConfig.mk:111: myfeature is OPLUS_FEATURE_ENABLE_MODEM_DB
OplusKernelEnvConfig.mk:111: myfeature is OPLUS_FEATURE_ENGINEERTOOLS
OplusKernelEnvConfig.mk:111: myfeature is OPLUS_FEATURE_HEALTHINFO
OplusKernelEnvConfig.mk:111: myfeature is OPLUS_FEATURE_TASK_CPUSTATS
OplusKernelEnvConfig.mk:111: myfeature is OPLUS_FEATURE_FACERECOGNITION
OplusKernelEnvConfig.mk:111: myfeature is OPLUS_FEATURE_FASTBOOT_UNLOCK_VERIFY
OplusKernelEnvConfig.mk:111: myfeature is OPLUS_FEATURE_FG_IO_OPT
OplusKernelEnvConfig.mk:111: myfeature is OPLUS_FEATURE_SCHED_ASSIST
OplusKernelEnvConfig.mk:111: myfeature is OPLUS_FEATURE_SDCARD_INFO
OplusKernelEnvConfig.mk:111: myfeature is OPLUS_FEATURE_FINGERPRINT
OplusKernelEnvConfig.mk:111: myfeature is OPLUS_FEATURE_SPECIALOPT
OplusKernelEnvConfig.mk:111: myfeature is OPLUS_FEATURE_UFSPLUS
OplusKernelEnvConfig.mk:111: myfeature is OPLUS_FEATURE_STORAGE_TOOL
OplusKernelEnvConfig.mk:111: myfeature is OPLUS_FEATURE_MIPICLKCHANGE
OplusKernelEnvConfig.mk:111: myfeature is OPLUS_FEATURE_MULTI_FREEAREA
OplusKernelEnvConfig.mk:111: myfeature is OPLUS_FEATURE_MULTI_KSWAPD
OplusKernelEnvConfig.mk:111: myfeature is OPLUS_FEATURE_NFC_CONSOFT
OplusKernelEnvConfig.mk:111: myfeature is OPLUS_FEATURE_ONSCREENFINGERPRINT
OplusKernelEnvConfig.mk:111: myfeature is OPLUS_FEATURE_OSC
OplusKernelEnvConfig.mk:111: myfeature is OPLUS_FEATURE_PHOENIX
OplusKernelEnvConfig.mk:111: myfeature is OPLUS_FEATURE_AGINGTEST
OplusKernelEnvConfig.mk:111: myfeature is OPLUS_FEATURE_PROCESS_RECLAIM
OplusKernelEnvConfig.mk:111: myfeature is OPLUS_FEATURE_RESET_ROLLBACK_INDEX
OplusKernelEnvConfig.mk:111: myfeature is OPLUS_FEATURE_SELINUX_CONTROL_LOG
OplusKernelEnvConfig.mk:111: myfeature is OPLUS_FEATURE_SENSOR
OplusKernelEnvConfig.mk:111: myfeature is OPLUS_FEATURE_SENSOR_ALGORITHM
OplusKernelEnvConfig.mk:111: myfeature is OPLUS_FEATURE_SENSOR_SMEM
OplusKernelEnvConfig.mk:111: myfeature is OPLUS_FEATURE_SENSOR_WISELIGHT
OplusKernelEnvConfig.mk:111: myfeature is OPLUS_FEATURE_IOMONITOR
OplusKernelEnvConfig.mk:111: myfeature is OPLUS_FEATURE_SPEAKER_MUTE
OplusKernelEnvConfig.mk:111: myfeature is OPLUS_FEATURE_MM_FEEDBACK
OplusKernelEnvConfig.mk:111: myfeature is OPLUS_FEATURE_TP_BSPFWUPDATE
OplusKernelEnvConfig.mk:111: myfeature is OPLUS_FEATURE_CHG_BASIC
OplusKernelEnvConfig.mk:111: myfeature is OPLUS_FEATURE_VIRTUAL_RESERVE_MEMORY
OplusKernelEnvConfig.mk:111: myfeature is OPLUS_FEATURE_MEMLEAK_DETECT
OplusKernelEnvConfig.mk:111: myfeature is OPLUS_FEATURE_WIFI_MTUDETECT
OplusKernelEnvConfig.mk:111: myfeature is OPLUS_FEATURE_WIFI_RUSUPGRADE
OplusKernelEnvConfig.mk:111: myfeature is OPLUS_FEATURE_WIFI_SLA
OplusKernelEnvConfig.mk:111: myfeature is OPLUS_FEATURE_DATA_EVAL
OplusKernelEnvConfig.mk:111: myfeature is OPLUS_FEATURE_WIFI_SMART_BW
OplusKernelEnvConfig.mk:111: myfeature is OPLUS_FEATURE_IPV6_OPTIMIZE
OplusKernelEnvConfig.mk:111: myfeature is OPLUS_FEATURE_ZRAM_OPT
OplusKernelEnvConfig.mk:111: myfeature is OPLUS_FEATURE_EXFAT_SUPPORT
OplusKernelEnvConfig.mk:111: myfeature is OPLUS_FEATURE_SDCARDFS_SUPPORT
OplusKernelEnvConfig.mk:111: myfeature is OPLUS_FEATURE_STORAGE_TOOL
OplusKernelEnvConfig.mk:111: myfeature is OPLUS_BUG_COMPATIBILITY
OplusKernelEnvConfig.mk:111: myfeature is OPLUS_FEATURE_MIDAS
OplusKernelEnvConfig.mk:111: myfeature is OPLUS_BUG_STABILITY
OplusKernelEnvConfig.mk:111: myfeature is OPLUS_BUG_DEBUG
OplusKernelEnvConfig.mk:111: myfeature is OPLUS_ARCH_INJECT
OplusKernelEnvConfig.mk:111: myfeature is OPLUS_ARCH_EXTENDS
OplusKernelEnvConfig.mk:111: myfeature is OPLUS_FEATURE_LOWMEM_DBG
OplusKernelEnvConfig.mk:111: myfeature is OPLUS_FEATURE_PERFORMANCE
OplusKernelEnvConfig.mk:111: myfeature is OPLUS_FEATURE_MTK_ION_SEPARATE_LOCK
OplusKernelEnvConfig.mk:111: myfeature is OPLUS_FEATURE_POWERINFO_STANDBY
OplusKernelEnvConfig.mk:111: myfeature is OPLUS_FEATURE_POWERINFO_STANDBY_DEBUG
OplusKernelEnvConfig.mk:111: myfeature is OPLUS_FEATURE_POWERINFO_RPMH
OplusKernelEnvConfig.mk:111: myfeature is OPLUS_FEATURE_POWERINFO_FTM
OplusKernelEnvConfig.mk:111: myfeature is OPLUS_FEATURE_SCHEDUTIL_USE_TL
OplusKernelEnvConfig.mk:111: myfeature is OPLUS_FEATURE_CORE_CTL
OplusKernelEnvConfig.mk:111: myfeature is OPLUS_FEATURE_STORAGE_TOOL
OplusKernelEnvConfig.mk:111: myfeature is OPLUS_FEATURE_CAMERA_COMMON
OplusKernelEnvConfig.mk:111: myfeature is OPLUS_FEATURE_WIFI_OPLUSWFD
  GEN     ./Makefile
scripts/kconfig/conf  --silentoldconfig Kconfig
OplusKernelEnvConfig.mk:111: myfeature is OPLUS_FEATURE_HANS_FREEZE
OplusKernelEnvConfig.mk:111: myfeature is OPLUS_FEATURE_AOD
OplusKernelEnvConfig.mk:111: myfeature is OPLUS_FEATURE_DC
OplusKernelEnvConfig.mk:111: myfeature is OPLUS_FEATURE_ENABLE_MODEM_DB
OplusKernelEnvConfig.mk:111: myfeature is OPLUS_FEATURE_ENGINEERTOOLS
OplusKernelEnvConfig.mk:111: myfeature is OPLUS_FEATURE_HEALTHINFO
OplusKernelEnvConfig.mk:111: myfeature is OPLUS_FEATURE_TASK_CPUSTATS
OplusKernelEnvConfig.mk:111: myfeature is OPLUS_FEATURE_FACERECOGNITION
OplusKernelEnvConfig.mk:111: myfeature is OPLUS_FEATURE_FASTBOOT_UNLOCK_VERIFY
OplusKernelEnvConfig.mk:111: myfeature is OPLUS_FEATURE_FG_IO_OPT
OplusKernelEnvConfig.mk:111: myfeature is OPLUS_FEATURE_SCHED_ASSIST
OplusKernelEnvConfig.mk:111: myfeature is OPLUS_FEATURE_SDCARD_INFO
OplusKernelEnvConfig.mk:111: myfeature is OPLUS_FEATURE_FINGERPRINT
OplusKernelEnvConfig.mk:111: myfeature is OPLUS_FEATURE_SPECIALOPT
OplusKernelEnvConfig.mk:111: myfeature is OPLUS_FEATURE_UFSPLUS
OplusKernelEnvConfig.mk:111: myfeature is OPLUS_FEATURE_STORAGE_TOOL
OplusKernelEnvConfig.mk:111: myfeature is OPLUS_FEATURE_MIPICLKCHANGE
OplusKernelEnvConfig.mk:111: myfeature is OPLUS_FEATURE_MULTI_FREEAREA
OplusKernelEnvConfig.mk:111: myfeature is OPLUS_FEATURE_MULTI_KSWAPD
OplusKernelEnvConfig.mk:111: myfeature is OPLUS_FEATURE_NFC_CONSOFT
OplusKernelEnvConfig.mk:111: myfeature is OPLUS_FEATURE_ONSCREENFINGERPRINT
OplusKernelEnvConfig.mk:111: myfeature is OPLUS_FEATURE_OSC
OplusKernelEnvConfig.mk:111: myfeature is OPLUS_FEATURE_PHOENIX
OplusKernelEnvConfig.mk:111: myfeature is OPLUS_FEATURE_AGINGTEST
OplusKernelEnvConfig.mk:111: myfeature is OPLUS_FEATURE_PROCESS_RECLAIM
OplusKernelEnvConfig.mk:111: myfeature is OPLUS_FEATURE_RESET_ROLLBACK_INDEX
OplusKernelEnvConfig.mk:111: myfeature is OPLUS_FEATURE_SELINUX_CONTROL_LOG
OplusKernelEnvConfig.mk:111: myfeature is OPLUS_FEATURE_SENSOR
OplusKernelEnvConfig.mk:111: myfeature is OPLUS_FEATURE_SENSOR_ALGORITHM
OplusKernelEnvConfig.mk:111: myfeature is OPLUS_FEATURE_SENSOR_SMEM
OplusKernelEnvConfig.mk:111: myfeature is OPLUS_FEATURE_SENSOR_WISELIGHT
OplusKernelEnvConfig.mk:111: myfeature is OPLUS_FEATURE_IOMONITOR
OplusKernelEnvConfig.mk:111: myfeature is OPLUS_FEATURE_SPEAKER_MUTE
OplusKernelEnvConfig.mk:111: myfeature is OPLUS_FEATURE_MM_FEEDBACK
OplusKernelEnvConfig.mk:111: myfeature is OPLUS_FEATURE_TP_BSPFWUPDATE
OplusKernelEnvConfig.mk:111: myfeature is OPLUS_FEATURE_CHG_BASIC
OplusKernelEnvConfig.mk:111: myfeature is OPLUS_FEATURE_VIRTUAL_RESERVE_MEMORY
OplusKernelEnvConfig.mk:111: myfeature is OPLUS_FEATURE_MEMLEAK_DETECT
OplusKernelEnvConfig.mk:111: myfeature is OPLUS_FEATURE_WIFI_MTUDETECT
OplusKernelEnvConfig.mk:111: myfeature is OPLUS_FEATURE_WIFI_RUSUPGRADE
OplusKernelEnvConfig.mk:111: myfeature is OPLUS_FEATURE_WIFI_SLA
OplusKernelEnvConfig.mk:111: myfeature is OPLUS_FEATURE_DATA_EVAL
OplusKernelEnvConfig.mk:111: myfeature is OPLUS_FEATURE_WIFI_SMART_BW
OplusKernelEnvConfig.mk:111: myfeature is OPLUS_FEATURE_IPV6_OPTIMIZE
OplusKernelEnvConfig.mk:111: myfeature is OPLUS_FEATURE_ZRAM_OPT
OplusKernelEnvConfig.mk:111: myfeature is OPLUS_FEATURE_EXFAT_SUPPORT
OplusKernelEnvConfig.mk:111: myfeature is OPLUS_FEATURE_SDCARDFS_SUPPORT
OplusKernelEnvConfig.mk:111: myfeature is OPLUS_FEATURE_STORAGE_TOOL
OplusKernelEnvConfig.mk:111: myfeature is OPLUS_BUG_COMPATIBILITY
OplusKernelEnvConfig.mk:111: myfeature is OPLUS_FEATURE_MIDAS
OplusKernelEnvConfig.mk:111: myfeature is OPLUS_BUG_STABILITY
OplusKernelEnvConfig.mk:111: myfeature is OPLUS_BUG_DEBUG
OplusKernelEnvConfig.mk:111: myfeature is OPLUS_ARCH_INJECT
OplusKernelEnvConfig.mk:111: myfeature is OPLUS_ARCH_EXTENDS
OplusKernelEnvConfig.mk:111: myfeature is OPLUS_FEATURE_LOWMEM_DBG
OplusKernelEnvConfig.mk:111: myfeature is OPLUS_FEATURE_PERFORMANCE
OplusKernelEnvConfig.mk:111: myfeature is OPLUS_FEATURE_MTK_ION_SEPARATE_LOCK
OplusKernelEnvConfig.mk:111: myfeature is OPLUS_FEATURE_POWERINFO_STANDBY
OplusKernelEnvConfig.mk:111: myfeature is OPLUS_FEATURE_POWERINFO_STANDBY_DEBUG
OplusKernelEnvConfig.mk:111: myfeature is OPLUS_FEATURE_POWERINFO_RPMH
OplusKernelEnvConfig.mk:111: myfeature is OPLUS_FEATURE_POWERINFO_FTM
OplusKernelEnvConfig.mk:111: myfeature is OPLUS_FEATURE_SCHEDUTIL_USE_TL
OplusKernelEnvConfig.mk:111: myfeature is OPLUS_FEATURE_CORE_CTL
OplusKernelEnvConfig.mk:111: myfeature is OPLUS_FEATURE_STORAGE_TOOL
OplusKernelEnvConfig.mk:111: myfeature is OPLUS_FEATURE_CAMERA_COMMON
OplusKernelEnvConfig.mk:111: myfeature is OPLUS_FEATURE_WIFI_OPLUSWFD
OplusKernelEnvConfig.mk:111: myfeature is OPLUS_FEATURE_HANS_FREEZE
OplusKernelEnvConfig.mk:111: myfeature is OPLUS_FEATURE_AOD
OplusKernelEnvConfig.mk:111: myfeature is OPLUS_FEATURE_DC
OplusKernelEnvConfig.mk:111: myfeature is OPLUS_FEATURE_ENABLE_MODEM_DB
OplusKernelEnvConfig.mk:111: myfeature is OPLUS_FEATURE_ENGINEERTOOLS
OplusKernelEnvConfig.mk:111: myfeature is OPLUS_FEATURE_HEALTHINFO
OplusKernelEnvConfig.mk:111: myfeature is OPLUS_FEATURE_TASK_CPUSTATS
OplusKernelEnvConfig.mk:111: myfeature is OPLUS_FEATURE_FACERECOGNITION
OplusKernelEnvConfig.mk:111: myfeature is OPLUS_FEATURE_FASTBOOT_UNLOCK_VERIFY
OplusKernelEnvConfig.mk:111: myfeature is OPLUS_FEATURE_FG_IO_OPT
OplusKernelEnvConfig.mk:111: myfeature is OPLUS_FEATURE_SCHED_ASSIST
OplusKernelEnvConfig.mk:111: myfeature is OPLUS_FEATURE_SDCARD_INFO
OplusKernelEnvConfig.mk:111: myfeature is OPLUS_FEATURE_FINGERPRINT
OplusKernelEnvConfig.mk:111: myfeature is OPLUS_FEATURE_SPECIALOPT
OplusKernelEnvConfig.mk:111: myfeature is OPLUS_FEATURE_UFSPLUS
OplusKernelEnvConfig.mk:111: myfeature is OPLUS_FEATURE_STORAGE_TOOL
OplusKernelEnvConfig.mk:111: myfeature is OPLUS_FEATURE_MIPICLKCHANGE
OplusKernelEnvConfig.mk:111: myfeature is OPLUS_FEATURE_MULTI_FREEAREA
OplusKernelEnvConfig.mk:111: myfeature is OPLUS_FEATURE_MULTI_KSWAPD
OplusKernelEnvConfig.mk:111: myfeature is OPLUS_FEATURE_NFC_CONSOFT
OplusKernelEnvConfig.mk:111: myfeature is OPLUS_FEATURE_ONSCREENFINGERPRINT
OplusKernelEnvConfig.mk:111: myfeature is OPLUS_FEATURE_OSC
OplusKernelEnvConfig.mk:111: myfeature is OPLUS_FEATURE_PHOENIX
OplusKernelEnvConfig.mk:111: myfeature is OPLUS_FEATURE_AGINGTEST
OplusKernelEnvConfig.mk:111: myfeature is OPLUS_FEATURE_PROCESS_RECLAIM
OplusKernelEnvConfig.mk:111: myfeature is OPLUS_FEATURE_RESET_ROLLBACK_INDEX
OplusKernelEnvConfig.mk:111: myfeature is OPLUS_FEATURE_SELINUX_CONTROL_LOG
OplusKernelEnvConfig.mk:111: myfeature is OPLUS_FEATURE_SENSOR
OplusKernelEnvConfig.mk:111: myfeature is OPLUS_FEATURE_SENSOR_ALGORITHM
OplusKernelEnvConfig.mk:111: myfeature is OPLUS_FEATURE_SENSOR_SMEM
OplusKernelEnvConfig.mk:111: myfeature is OPLUS_FEATURE_SENSOR_WISELIGHT
OplusKernelEnvConfig.mk:111: myfeature is OPLUS_FEATURE_IOMONITOR
OplusKernelEnvConfig.mk:111: myfeature is OPLUS_FEATURE_SPEAKER_MUTE
OplusKernelEnvConfig.mk:111: myfeature is OPLUS_FEATURE_MM_FEEDBACK
OplusKernelEnvConfig.mk:111: myfeature is OPLUS_FEATURE_TP_BSPFWUPDATE
OplusKernelEnvConfig.mk:111: myfeature is OPLUS_FEATURE_CHG_BASIC
OplusKernelEnvConfig.mk:111: myfeature is OPLUS_FEATURE_VIRTUAL_RESERVE_MEMORY
OplusKernelEnvConfig.mk:111: myfeature is OPLUS_FEATURE_MEMLEAK_DETECT
OplusKernelEnvConfig.mk:111: myfeature is OPLUS_FEATURE_WIFI_MTUDETECT
OplusKernelEnvConfig.mk:111: myfeature is OPLUS_FEATURE_WIFI_RUSUPGRADE
OplusKernelEnvConfig.mk:111: myfeature is OPLUS_FEATURE_WIFI_SLA
OplusKernelEnvConfig.mk:111: myfeature is OPLUS_FEATURE_DATA_EVAL
OplusKernelEnvConfig.mk:111: myfeature is OPLUS_FEATURE_WIFI_SMART_BW
OplusKernelEnvConfig.mk:111: myfeature is OPLUS_FEATURE_IPV6_OPTIMIZE
OplusKernelEnvConfig.mk:111: myfeature is OPLUS_FEATURE_ZRAM_OPT
OplusKernelEnvConfig.mk:111: myfeature is OPLUS_FEATURE_EXFAT_SUPPORT
OplusKernelEnvConfig.mk:111: myfeature is OPLUS_FEATURE_SDCARDFS_SUPPORT
OplusKernelEnvConfig.mk:111: myfeature is OPLUS_FEATURE_STORAGE_TOOL
OplusKernelEnvConfig.mk:111: myfeature is OPLUS_BUG_COMPATIBILITY
OplusKernelEnvConfig.mk:111: myfeature is OPLUS_FEATURE_MIDAS
OplusKernelEnvConfig.mk:111: myfeature is OPLUS_BUG_STABILITY
OplusKernelEnvConfig.mk:111: myfeature is OPLUS_BUG_DEBUG
OplusKernelEnvConfig.mk:111: myfeature is OPLUS_ARCH_INJECT
OplusKernelEnvConfig.mk:111: myfeature is OPLUS_ARCH_EXTENDS
OplusKernelEnvConfig.mk:111: myfeature is OPLUS_FEATURE_LOWMEM_DBG
OplusKernelEnvConfig.mk:111: myfeature is OPLUS_FEATURE_PERFORMANCE
OplusKernelEnvConfig.mk:111: myfeature is OPLUS_FEATURE_MTK_ION_SEPARATE_LOCK
OplusKernelEnvConfig.mk:111: myfeature is OPLUS_FEATURE_POWERINFO_STANDBY
OplusKernelEnvConfig.mk:111: myfeature is OPLUS_FEATURE_POWERINFO_STANDBY_DEBUG
OplusKernelEnvConfig.mk:111: myfeature is OPLUS_FEATURE_POWERINFO_RPMH
OplusKernelEnvConfig.mk:111: myfeature is OPLUS_FEATURE_POWERINFO_FTM
OplusKernelEnvConfig.mk:111: myfeature is OPLUS_FEATURE_SCHEDUTIL_USE_TL
OplusKernelEnvConfig.mk:111: myfeature is OPLUS_FEATURE_CORE_CTL
OplusKernelEnvConfig.mk:111: myfeature is OPLUS_FEATURE_STORAGE_TOOL
OplusKernelEnvConfig.mk:111: myfeature is OPLUS_FEATURE_CAMERA_COMMON
OplusKernelEnvConfig.mk:111: myfeature is OPLUS_FEATURE_WIFI_OPLUSWFD
  CHK     include/config/kernel.release
  UPD     include/config/kernel.release
  GEN     ./Makefile
  WRAP    arch/arm64/include/generated/uapi/asm/errno.h
  WRAP    arch/arm64/include/generated/uapi/asm/ioctl.h
  WRAP    arch/arm64/include/generated/uapi/asm/ioctls.h
  WRAP    arch/arm64/include/generated/uapi/asm/ipcbuf.h
  WRAP    arch/arm64/include/generated/uapi/asm/kvm_para.h
  WRAP    arch/arm64/include/generated/uapi/asm/mman.h
  WRAP    arch/arm64/include/generated/uapi/asm/msgbuf.h
  WRAP    arch/arm64/include/generated/uapi/asm/poll.h
  WRAP    arch/arm64/include/generated/uapi/asm/resource.h
  WRAP    arch/arm64/include/generated/uapi/asm/sembuf.h
  WRAP    arch/arm64/include/generated/uapi/asm/shmbuf.h
  WRAP    arch/arm64/include/generated/uapi/asm/socket.h
  WRAP    arch/arm64/include/generated/uapi/asm/sockios.h
  CHK     include/generated/uapi/linux/version.h
  WRAP    arch/arm64/include/generated/uapi/asm/termios.h
  WRAP    arch/arm64/include/generated/uapi/asm/swab.h
  UPD     include/generated/uapi/linux/version.h
  WRAP    arch/arm64/include/generated/uapi/asm/termbits.h
  WRAP    arch/arm64/include/generated/uapi/asm/types.h
  CHK     include/generated/utsrelease.h
  UPD     include/generated/utsrelease.h
  HOSTCC  scripts/basic/fixdep
  HOSTCC  scripts/basic/bin2c
../drivers/misc/mediatek/gud/Makefile.include:2: "CONFIG_MTK_PLATFORM: "mt6853""
../drivers/misc/mediatek/gud/Makefile.include:3: "CONFIG_TRUSTONIC_TEE_VERSION: "500""
  Using .. as source for kernel
  WRAP    arch/arm64/include/generated/asm/bugs.h
  WRAP    arch/arm64/include/generated/asm/clkdev.h
  WRAP    arch/arm64/include/generated/asm/delay.h
  WRAP    arch/arm64/include/generated/asm/div64.h
  WRAP    arch/arm64/include/generated/asm/dma.h
  WRAP    arch/arm64/include/generated/asm/dma-contiguous.h
  WRAP    arch/arm64/include/generated/asm/early_ioremap.h
  WRAP    arch/arm64/include/generated/asm/emergency-restart.h
  WRAP    arch/arm64/include/generated/asm/hw_irq.h
  WRAP    arch/arm64/include/generated/asm/irq_regs.h
  WRAP    arch/arm64/include/generated/asm/kdebug.h
  WRAP    arch/arm64/include/generated/asm/kmap_types.h
  WRAP    arch/arm64/include/generated/asm/local.h
  WRAP    arch/arm64/include/generated/asm/local64.h
  WRAP    arch/arm64/include/generated/asm/mcs_spinlock.h
  WRAP    arch/arm64/include/generated/asm/mm-arch-hooks.h
  WRAP    arch/arm64/include/generated/asm/msi.h
  WRAP    arch/arm64/include/generated/asm/preempt.h
  WRAP    arch/arm64/include/generated/asm/rwsem.h
  WRAP    arch/arm64/include/generated/asm/segment.h
  WRAP    arch/arm64/include/generated/asm/serial.h
  WRAP    arch/arm64/include/generated/asm/set_memory.h
  WRAP    arch/arm64/include/generated/asm/sizes.h
  WRAP    arch/arm64/include/generated/asm/switch_to.h
  WRAP    arch/arm64/include/generated/asm/trace_clock.h
  WRAP    arch/arm64/include/generated/asm/unaligned.h
  WRAP    arch/arm64/include/generated/asm/user.h
  WRAP    arch/arm64/include/generated/asm/vga.h
  WRAP    arch/arm64/include/generated/asm/xor.h
  HOSTCC  scripts/dtc/dtc.o
  HOSTCC  scripts/dtc/flattree.o
../drivers/misc/mediatek/gud/Makefile.include:2: "CONFIG_MTK_PLATFORM: "mt6853""
../drivers/misc/mediatek/gud/Makefile.include:3: "CONFIG_TRUSTONIC_TEE_VERSION: "500""
../drivers/misc/mediatek/gud/Makefile.include:2: "CONFIG_MTK_PLATFORM: "mt6853""
../drivers/misc/mediatek/gud/Makefile.include:3: "CONFIG_TRUSTONIC_TEE_VERSION: "500""
  HOSTCC  scripts/genksyms/genksyms.o
  HOSTCC  scripts/dtc/fstree.o
  HOSTCC  scripts/dtc/data.o
  CC      scripts/mod/empty.o
  SHIPPED scripts/genksyms/parse.tab.c
  SHIPPED scripts/genksyms/lex.lex.c
  SHIPPED scripts/genksyms/parse.tab.h
  HOSTCC  scripts/genksyms/parse.tab.o
  HOSTCC  scripts/dtc/livetree.o
  HOSTCC  scripts/mod/mk_elfconfig
  CC      scripts/mod/devicetable-offsets.s
  MKELF   scripts/mod/elfconfig.h
  CHK     scripts/mod/devicetable-offsets.h
  HOSTCC  scripts/genksyms/lex.lex.o
  UPD     scripts/mod/devicetable-offsets.h
  HOSTCC  scripts/mod/sumversion.o
  HOSTCC  scripts/dtc/treesource.o
  HOSTCC  scripts/mod/modpost.o
  HOSTCC  scripts/dtc/srcpos.o
  HOSTCC  scripts/dtc/checks.o
  HOSTLD  scripts/genksyms/genksyms
  HOSTCC  scripts/mod/file2alias.o
  HOSTCC  scripts/dtc/util.o
  HOSTCC  scripts/selinux/genheaders/genheaders
  SHIPPED scripts/dtc/dtc-lexer.lex.c
  SHIPPED scripts/dtc/dtc-parser.tab.h
  SHIPPED scripts/dtc/dtc-parser.tab.c
  HOSTCC  scripts/dtc/dtc-lexer.lex.o
  HOSTCC  scripts/selinux/mdp/mdp
  HOSTLD  scripts/mod/modpost
  HOSTCC  scripts/dtc/dtc-parser.tab.o
../drivers/misc/mediatek/gud/Makefile.include:2: "CONFIG_MTK_PLATFORM: "mt6853""
../drivers/misc/mediatek/gud/Makefile.include:3: "CONFIG_TRUSTONIC_TEE_VERSION: "500""
  CC      kernel/bounds.s
  HOSTLD  scripts/dtc/dtc
  CHK     include/generated/timeconst.h
  UPD     include/generated/timeconst.h
  CHK     include/generated/bounds.h
  HOSTCC  scripts/kallsyms
  UPD     include/generated/bounds.h
  CC      arch/arm64/kernel/asm-offsets.s
  HOSTCC  scripts/pnmtologo
  HOSTCC  scripts/sortextable
  HOSTCC  scripts/asn1_compiler
  CHK     include/generated/asm-offsets.h
  UPD     include/generated/asm-offsets.h
  CALL    ../scripts/checksyscalls.sh
  HOSTCC  scripts/sign-file
  HOSTCC  scripts/extract-cert
../drivers/misc/mediatek/base/power/qos/Makefile:46: extraneous text after 'else' directive
*MTK_GPU_VERSION 2 = valhall
*MTK_GPU_VERSION 3 = r32p1
  LDS     arch/arm64/kernel/vdso/vdso.lds
  VDSOA   arch/arm64/kernel/vdso/gettimeofday.o
  VDSOA   arch/arm64/kernel/vdso/note.o
..
..
FDVT: Drv use 5.1 folder
  VDSOA   arch/arm64/kernel/vdso/sigreturn.o
..
  LD      arch/arm64/kernel/vdso/vdso.so.dbg
..
  VDSOSYM include/generated/vdso-offsets.h
../drivers/misc/mediatek/ccu/src/Makefile:29: CCU_MAKE_FILE_CALLED
..
..
..
../drivers/misc/mediatek/gud/Makefile.include:2: "CONFIG_MTK_PLATFORM: "mt6853""
../drivers/misc/mediatek/gud/Makefile.include:3: "CONFIG_TRUSTONIC_TEE_VERSION: "500""
  CC      init/main.o
WIFI_IP_SET is 3
 TARGET_BUILD_VARIANT = user
 BT_PLATFORM = 
 srctree = ..
  CHK     include/generated/compile.h
ConnFem: Customer load
  UPD     include/generated/compile.h
  HOSTCC  usr/gen_init_cpio
../drivers/misc/mediatek/connectivity/gps/Makefile:17: GPS_CHIP_ID != common
os option: linux
$MTK_PLATFORM is [mt6853]
$WLAN_CHIP_ID is [6853]
$MTK_COMBO_CHIP is [CONNAC2X2]
  GEN     usr/initramfs_data.cpio
  AS      usr/initramfs_data.o
  AR      usr/built-in.o
  CC      init/do_mounts.o
  CC      arch/arm64/kernel/debug-monitors.o
************  drivers/trusty/mtee-kree mk ************
../drivers/misc/mediatek/gud/Makefile.include:2: "CONFIG_MTK_PLATFORM: "mt6853""
../drivers/misc/mediatek/gud/Makefile.include:3: "CONFIG_TRUSTONIC_TEE_VERSION: "500""
MTK_GPU_VERSION 1 = mali
*MTK_GPU_VERSION 2 = valhall
*MTK_GPU_VERSION 3 = r32p1
mali MTK evironment, building r32p1 DDK
mtk-Kbuild CONFIG_MALI_PLATFORM_THIRDPARTY := y
mtk-Kbuild CONFIG_MALI_PLATFORM_THIRDPARTY_NAME := "mt6853"
*GPU defined GPU BM QoS 2.0
mali MTK evironment, building r32p1 DDK
mtk-Kbuild CONFIG_MALI_PLATFORM_THIRDPARTY := y
mtk-Kbuild CONFIG_MALI_PLATFORM_THIRDPARTY_NAME := "mt6853"
*GPU defined GPU BM QoS 2.0
mali MTK evironment, building r32p1 DDK
mtk-Kbuild CONFIG_MALI_PLATFORM_THIRDPARTY := y
mtk-Kbuild CONFIG_MALI_PLATFORM_THIRDPARTY_NAME := "mt6853"
*GPU defined GPU BM QoS 2.0
imgsensor drv by platform ./camera_project/k6853v1_64_6360/ov64b_mipi_raw/ ./camera_project/k6853v1_64_6360/ov16a10_mipi_raw/ ./camera_project/k6853v1_64_6360/s5k3p9sp_mipi_raw/ ./camera_project/k6853v1_64_6360/hi846_mipi_raw/ ./camera_project/k6853v1_64_6360/gc02m0b_mipi_mono1/ ./camera_project/k6853v1_64_6360/gc02m1b_mipi_mono/ ./camera_project/k6853v1_64_6360/ov48b_mipi_raw/ ./camera_project/k6853v1_64_6360/s5k4h7_mipi_raw/ ./camera_project/k6853v1_64_6360/ov32a_mipi_raw/ ./camera_project/k6853v1_64_6360/imx471_mipi_raw/ ./camera_project/k6853v1_64_6360/gc02k0_mipi_raw/ ./camera_project/k6853v1_64_6360/ov02b10_mipi_raw/ ./camera_project/k6853v1_64_6360/ov02a1b_mipi_mono/ ./camera_project/k6853v1_64_6360/ov02b1b_mipi_mono/ ./camera_project/k6853v1_64_6360/s5kgw3_mipi_raw_athensb/ ./camera_project/k6853v1_64_6360/ov32a1q_mipi_raw_athensb/ ./camera_project/k6853v1_64_6360/hi846_mipi_raw_athensb/ ./camera_project/k6853v1_64_6360/gc02k_mipi_raw_athensb/ ./camera_project/k6853v1_64_6360/gc02m1b_mipi_raw_athensb/ ./camera_project/k6853v1_64_6360/s5kgm1st_mipi_raw_athensc/ ./camera_project/k6853v1_64_6360/imx471_mipi_raw_athensc/ ./camera_project/k6853v1_64_6360/hi846_mipi_raw_athensc/ ./camera_project/k6853v1_64_6360/s5kgm1st_mipi_raw_20611/ ./camera_project/k6853v1_64_6360/s5k3p9sp_mipi_raw_20611/ ./camera_project/k6853v1_64_6360/hi846_mipi_raw_20611/ ./camera_project/k6853v1_64_6360/gc02k_mipi_raw_20611/ ./camera_project/k6853v1_64_6360/ov02b1b_mipi_raw_20611/ ./camera_project/k6853v1_64_6360/s5kgm1st_mipi_raw_anna/ ./camera_project/k6853v1_64_6360/imx471_mipi_raw_anna/ ./camera_project/k6853v1_64_6360/hi846_mipi_raw_anna/ ./camera_project/k6853v1_64_6360/ov02b10_mipi_raw_anna/ ./camera_project/k6853v1_64_6360/s5kgw3_mipi_raw_anna/ ./camera_project/k6853v1_64_6360/ov48b_chivasmipi_raw/ ./camera_project/k6853v1_64_6360/ov32a_chivasmipi_raw/ ./camera_project/k6853v1_64_6360/hi846_chivasmipi_raw/ ./camera_project/k6853v1_64_6360/gc02k0_chivasmipi_raw/ ./camera_project/k6853v1_64_6360/imx355_mipi_raw_lafite/ ./camera_project/k6853v1_64_6360/gc02m1b_mipi_mono1/ ./camera_project/k6853v1_64_6360/s5kgw3_mipi_raw_athensd/ ./camera_project/k6853v1_64_6360/s5kgw3p1_mipi_raw_athensd/ ./camera_project/k6853v1_64_6360/imx471_mipi_raw_athensd/ ./camera_project/k6853v1_64_6360/hi846_mipi_raw_athensd/ ./camera_project/k6853v1_64_6360/gc02k_mipi_raw_athensd/
imgsensor subdir-ccflags-y = -I../drivers/misc/mediatek/imgsensor/src/common/v1_1 -I../drivers/misc/mediatek/mmdvfs -I../drivers/i2c/busses/ -I../drivers/misc/mediatek/imgsensor/src/mt6853/camera_hw -I../drivers/misc/mediatek/imgsensor/src/common/v1_1/camera_hw -DSENSOR_PARALLEISM -DSENSOR_PLATFORM_5G_B -I../drivers/misc/mediatek/imgsensor/src/mt6853/seninf/
imgsensor drv by project ov64b_mipi_raw/ ov16a10_mipi_raw/ s5k3p9sp_mipi_raw/ hi846_mipi_raw/ gc02m0b_mipi_mono1/ gc02m1b_mipi_mono/ ov48b_mipi_raw/ s5k4h7_mipi_raw/ ov32a_mipi_raw/ imx471_mipi_raw/ gc02k0_mipi_raw/ ov02b10_mipi_raw/ ov02a1b_mipi_mono/ ov02b1b_mipi_mono/ s5kgw3_mipi_raw_athensb/ ov32a1q_mipi_raw_athensb/ hi846_mipi_raw_athensb/ gc02k_mipi_raw_athensb/ gc02m1b_mipi_raw_athensb/ s5kgm1st_mipi_raw_athensc/ imx471_mipi_raw_athensc/ hi846_mipi_raw_athensc/ s5kgm1st_mipi_raw_20611/ s5k3p9sp_mipi_raw_20611/ hi846_mipi_raw_20611/ gc02k_mipi_raw_20611/ ov02b1b_mipi_raw_20611/ s5kgm1st_mipi_raw_anna/ imx471_mipi_raw_anna/ hi846_mipi_raw_anna/ ov02b10_mipi_raw_anna/ s5kgw3_mipi_raw_anna/ ov48b_chivasmipi_raw/ ov32a_chivasmipi_raw/ hi846_chivasmipi_raw/ gc02k0_chivasmipi_raw/ imx355_mipi_raw_lafite/ gc02m1b_mipi_mono1/ s5kgw3_mipi_raw_athensd/ s5kgw3p1_mipi_raw_athensd/ imx471_mipi_raw_athensd/ hi846_mipi_raw_athensd/ gc02k_mipi_raw_athensd/
  AS      arch/arm64/kernel/entry.o
  CC      arch/arm64/kernel/irq.o
  CC      arch/arm64/mm/dma-mapping.o
  CC      arch/arm64/kernel/fpsimd.o
  CC      init/do_mounts_rd.o
  CC      arch/arm64/mm/extable.o
  AS      arch/arm64/kernel/entry-fpsimd.o
  CC      arch/arm64/kernel/process.o
  CC      init/do_mounts_initrd.o
  CC      arch/arm64/mm/fault.o
  CC      init/noinitramfs.o
  CC      arch/arm64/mm/init.o
  CC      arch/arm64/kernel/ptrace.o
  CC      init/initramfs.o
../drivers/misc/mediatek/gud/Makefile.include:2: "CONFIG_MTK_PLATFORM: "mt6853""
../drivers/misc/mediatek/gud/Makefile.include:3: "CONFIG_TRUSTONIC_TEE_VERSION: "500""
../drivers/misc/mediatek/sensor/2.0/mtk_nanohub/Makefile:5: "config_mtk_platform:"mt6853""
  AS      arch/arm64/mm/cache.o
  CC      init/calibrate.o
  CC      arch/arm64/mm/copypage.o
  CC      init/init_task.o
TCORE_UT_TESTS_SUPPORT = n
TCORE_PROFILING_SUPPORT = n
TCORE_PROFILING_AUTO_DUMP = n
TCORE_MEMORY_LEAK_DETECTION_SUPPORT = n
../drivers/misc/mediatek/gud/Makefile.include:2: "CONFIG_MTK_PLATFORM: "mt6853""
../drivers/misc/mediatek/gud/Makefile.include:3: "CONFIG_TRUSTONIC_TEE_VERSION: "500""
  CC      arch/arm64/kernel/setup.o
  CC      arch/arm64/mm/flush.o
lowmem_dbg mtk_ion use kernel 4.14
  CC      arch/arm64/kernel/signal.o
  CC      init/version.o
  CC      arch/arm64/mm/ioremap.o
  AR      init/mounts.o
  AR      init/built-in.o
  CC      arch/arm64/net/bpf_jit_comp.o
  CC      arch/arm64/mm/mmap.o
  CC      arch/arm64/kernel/sys.o
  CC      arch/arm64/mm/pgd.o
  AR      arch/arm64/net/built-in.o
  CC      arch/arm64/kernel/stacktrace.o
  CC      arch/arm64/crypto/sha2-ce-glue.o
  CC      arch/arm64/mm/mmu.o
  AS      arch/arm64/crypto/sha2-ce-core.o
  AS      arch/arm64/crypto/aes-ce-core.o
  CC      kernel/fork.o
  CC      arch/arm64/crypto/aes-ce-glue.o
  CC      arch/arm64/kernel/time.o
  CC      arch/arm64/crypto/aes-glue-ce.o
  CC      arch/arm64/mm/context.o
  CC      arch/arm64/kernel/traps.o
  AS      arch/arm64/mm/proc.o
  CC      arch/arm64/mm/pageattr.o
  AS      arch/arm64/crypto/aes-ce.o
  CC      arch/arm64/crypto/sha256-glue.o
  CC      arch/arm64/kernel/io.o
  CC      arch/arm64/mm/hugetlbpage.o
  CC      arch/arm64/kernel/vdso.o
  SHIPPED arch/arm64/crypto/sha256-core.S
  AS      arch/arm64/crypto/aes-cipher-core.o
  CC      arch/arm64/crypto/aes-cipher-glue.o
  CC      kernel/exec_domain.o
  AS      arch/arm64/kernel/hyp-stub.o
  CC      arch/arm64/kernel/psci.o
  AS      arch/arm64/mm/cache-mtk-v8.o
  AR      arch/arm64/mm/built-in.o
  CC      certs/system_keyring.o
  AR      arch/arm64/crypto/sha2-ce.o
  AR      arch/arm64/crypto/aes-ce-cipher.o
  AR      arch/arm64/crypto/aes-ce-blk.o
  AS      arch/arm64/crypto/sha256-core.o
  AR      arch/arm64/crypto/aes-arm64.o
  AR      arch/arm64/crypto/sha256-arm64.o
  AR      arch/arm64/crypto/built-in.o
  CC      kernel/panic.o
  CC      arch/arm64/kernel/cpu_ops.o
  EXTRACT_CERTS   
  CC      arch/arm64/kernel/insn.o
Generating X.509 key generation config
###
### Now generating an X.509 key pair to be used for signing modules.
###
### If this takes a long time, you might wish to run rngd in the
### background to keep the supply of entropy topped up.  It
### needs to be run as root, and uses a hardware random
### number generator if one is available.
###
...........+.+..+++++++++++++++++++++++++++++++++++++++++++++++++++++++++++++++++*......+++++++++++++++++++++++++++++++++++++++++++++++++++++++++++++++++*..+..+...+..........+..+............+...+.+.....+.+...........+.........+......+...+....+.....+...............+...+......................+..+.........+.+......+.....+...+......+.+..............................+..+..........+.....+...+...+.........+...+.......+...+..+...............+.......+......+  CC      mm/filemap.o
.....+...+....+...........+..........+......+...+.....+...............+.+...........+.+..+.+...........+.+.........+...+..+............................+....................+......+.+......+...........  CC      arch/arm64/kernel/return_address.o
.+..+...................+......+........+....................................  CC      kernel/cpu.o
................+.........+.........+......+...............+..+...+.......+............+......+..+.......+.....+.......+..............+....+...+..............+....+.....+.......+..+...+........................+......+++++++++++++++++++++++++++++++++++++++++++++++++++++++++++++++++
.+......+........+.+.....+++++++++++++++++++++++++++++++++++++++++++++++++++++++++++++++++*...+...+.+......+......+..+.+++++++++++++++++++++++++++++++++++++++++++++++++++++++++++++++++*...+.....+.+..................+...+..+......+.+........+...+............+...+.......+..+...................+..............+......+....+...+...+.....+..........+.....+.+......+.....+......  CC      arch/arm64/kernel/cpuinfo.o
...+...+..................+.........+...+..........+........+...+.......+.........+...+...........+......+....+..+.........+......+.......+......+.....+....+..+..........+.....+..........+...+......+.....+...............+.......+............+...+.....+..........+...+.....+....+...............+...............+...+...+...........+.+..................+..........................+.+..............+..........+...........++++++  CC      arch/arm64/kernel/cpu_errata.o
+++++++++++++++++++++++++++++++++++++++++++++++++++++++++++
-----
###
### Key pair generated.
###
  EXTRACT_CERTS   certs/signing_key.pem
  AS      certs/system_certificates.o
  AR      certs/built-in.o
  CC      arch/arm64/kernel/cpufeature.o
  CC      mm/mempool.o
  CC      kernel/exit.o
  CC      fs/open.o
  CC      arch/arm64/kernel/alternative.o
  CC      mm/oom_kill.o
  CC      arch/arm64/kernel/cacheinfo.o
  CC      arch/arm64/kernel/smp.o
  CC      fs/read_write.o
  CC      mm/maccess.o
  CC      arch/arm64/kernel/smp_spin_table.o
  CC      kernel/softirq.o
  CC      arch/arm64/kernel/topology.o
  CC      mm/page_alloc.o
  CC      fs/file_table.o
  AS      arch/arm64/kernel/smccc-call.o
  CC      arch/arm64/kernel/sys32.o
  CC      kernel/resource.o
  CC      fs/super.o
  AS      arch/arm64/kernel/kuser32.o
  CC      arch/arm64/kernel/signal32.o
  CC      kernel/sysctl.o
  CC      fs/char_dev.o
  CC      arch/arm64/kernel/sys_compat.o
  CC      mm/page-writeback.o
  AS      arch/arm64/kernel/entry32.o
  CC      arch/arm64/kernel/arm64ksyms.o
  CC      fs/stat.o
  CC      kernel/sysctl_binary.o
  CC      arch/arm64/kernel/module.o
  CC      fs/exec.o
  CC      arch/arm64/kernel/module-plts.o
  CC      kernel/capability.o
  CC      arch/arm64/kernel/perf_regs.o
  CC      mm/readahead.o
  CC      arch/arm64/kernel/perf_callchain.o
  CC      kernel/ptrace.o
  CC      arch/arm64/kernel/perf_event.o
  CC      fs/pipe.o
  CC      mm/swap.o
  CC      arch/arm64/kernel/hw_breakpoint.o
  CC      kernel/user.o
  AS      arch/arm64/kernel/sleep.o
  CC      arch/arm64/kernel/suspend.o
  CC      kernel/signal.o
  CC      fs/namei.o
  CC      mm/truncate.o
  CC      arch/arm64/kernel/cpuidle.o
  CC      arch/arm64/kernel/armv8_deprecated.o
  CC      mm/vmscan.o
  CC      arch/arm64/kernel/kaslr.o
  CC      arch/arm64/kernel/ssbd.o
  CC      arch/arm64/kernel/scs.o
  CC      kernel/sys.o
  CC      arch/arm64/kernel/probes/uprobes.o
  CC      fs/fcntl.o
  CC      arch/arm64/kernel/probes/decode-insn.o
  CC      arch/arm64/kernel/probes/simulate-insn.o
  CC      fs/ioctl.o
  AR      arch/arm64/kernel/probes/built-in.o
  CC      arch/arm64/kernel/rootguard/oplus_root_check.o
  CC      mm/shmem.o
  CC      kernel/umh.o
  CC      arch/arm64/kernel/rootguard/oplus_exec_block.o
  CC      fs/readdir.o
  CC      kernel/workqueue.o
  CC      arch/arm64/kernel/rootguard/oplus_mount_block.o
  CC      mm/util.o
  CC      fs/select.o
  CC      arch/arm64/kernel/rootguard/oplus_guard_general.o
  CC      arch/arm64/kernel/rootguard/oplus_hook_syscall.o
  AR      arch/arm64/kernel/rootguard/built-in.o
  OBJCOPY arch/arm64/kernel/vdso/vdso.so
  AS      arch/arm64/kernel/vdso/vdso.o
  AR      arch/arm64/kernel/vdso/built-in.o
  AS      arch/arm64/kernel/oplus_root.o
  AS      arch/arm64/kernel/head.o
  CC      mm/mmzone.o
  LDS     arch/arm64/kernel/vmlinux.lds
  AR      arch/arm64/kernel/built-in.o
  CC      ipc/mqueue.o
  CC      mm/vmstat.o
  CC      fs/dcache.o
  CC      kernel/pid.o
  CC      ipc/msgutil.o
  CC      mm/backing-dev.o
  CC      ipc/namespace.o
  CC      ipc/mq_sysctl.o
  CC      kernel/task_work.o
  AR      ipc/built-in.o
  CC      security/apparmor/apparmorfs.o
  CC      fs/inode.o
  CC      kernel/extable.o
  CC      mm/mm_init.o
  CC      kernel/params.o
  CC      mm/mmu_context.o
  CC      fs/attr.o
  CC      kernel/kthread.o
  CC      security/apparmor/audit.o
  CC      mm/percpu.o
  CC      fs/bad_inode.o
  GEN     security/apparmor/capability_names.h
  CC      security/apparmor/context.o
  CC      fs/file.o
  CC      kernel/sys_ni.o
  CC      kernel/nsproxy.o
  CC      mm/slab_common.o
  CC      security/apparmor/ipc.o
  CC      kernel/notifier.o
  CC      fs/filesystems.o
  CC      security/apparmor/lib.o
  CC      kernel/ksysfs.o
  CC      fs/namespace.o
  CC      mm/compaction.o
  CC      kernel/cred.o
  CC      security/apparmor/match.o
  CC      security/apparmor/path.o
  CC      kernel/reboot.o
  CC      security/apparmor/domain.o
  CC      mm/vmacache.o
  CC      kernel/async.o
  CC      fs/seq_file.o
  CC      mm/swap_slots.o
  CC      kernel/range.o
  CC      kernel/smpboot.o
  CC      mm/interval_tree.o
  CC      fs/xattr.o
  CC      kernel/ucount.o
  CC      security/apparmor/policy.o
  CC      mm/list_lru.o
  CC      kernel/kmod.o
  CC      fs/libfs.o
  CC      mm/workingset.o
  CC      kernel/groups.o
  CC      security/apparmor/policy_unpack.o
  CC      mm/debug.o
  CC      fs/fs-writeback.o
  CC      kernel/panic_flush.o
  CC      mm/gup.o
  CC      kernel/bpf/core.o
  CC      security/apparmor/procattr.o
  CC      mm/highmem.o
  CC      fs/pnode.o
  CC      security/apparmor/lsm.o
  CC      mm/memory.o
  CC      kernel/bpf/syscall.o
  CC      fs/splice.o
  GEN     security/apparmor/rlim_names.h
  CC      security/apparmor/secid.o
  CC      security/apparmor/file.o
  CC      fs/sync.o
  CC      kernel/bpf/verifier.o
  CC      mm/mincore.o
  CC      security/apparmor/policy_ns.o
  CC      fs/utimes.o
  CC      mm/mlock.o
  CC      security/apparmor/label.o
  CC      fs/stack.o
  CC      fs/fs_struct.o
  CC      mm/mmap.o
  CC      fs/statfs.o
  CC      kernel/bpf/inode.o
  CC      security/apparmor/mount.o
  CC      fs/fs_pin.o
  CC      kernel/bpf/helpers.o
  CC      mm/mprotect.o
  CC      fs/nsfs.o
  CC      security/apparmor/crypto.o
  CC      fs/buffer.o
  CC      kernel/bpf/tnum.o
  CC      mm/mremap.o
  CC      kernel/bpf/hashtab.o
  CC      security/apparmor/capability.o
  CC      mm/msync.o
  CC      kernel/bpf/arraymap.o
  CC      security/apparmor/resource.o
  CC      mm/page_vma_mapped.o
  CC      fs/block_dev.o
  CC      mm/pagewalk.o
  CC      kernel/bpf/percpu_freelist.o
  AR      security/apparmor/apparmor.o
  AR      security/apparmor/built-in.o
  CC      security/integrity/iint.o
  CC      kernel/bpf/bpf_lru_list.o
  CC      mm/pgtable-generic.o
  CC      kernel/bpf/lpm_trie.o
  CC      security/integrity/integrity_audit.o
  CC      mm/rmap.o
  AR      security/integrity/integrity.o
  AR      security/integrity/built-in.o
  CC      fs/direct-io.o
  CC      security/keys/gc.o
  CC      kernel/bpf/map_in_map.o
  CC      security/keys/key.o
  CC      kernel/bpf/devmap.o
  CC      mm/vmalloc.o
  CC      security/keys/keyring.o
  CC      kernel/bpf/stackmap.o
  CC      fs/mpage.o
  CC      kernel/bpf/cgroup.o
  CC      security/keys/keyctl.o
  CC      fs/proc_namespace.o
  CC      security/keys/permission.o
  CC      mm/process_vm_access.o
  AR      kernel/bpf/built-in.o
  CC      fs/configfs/inode.o
  CC      kernel/cgroup/cgroup.o
  CC      mm/init-mm.o
  CC      security/keys/process_keys.o
  CC      mm/nobootmem.o
  CC      fs/configfs/file.o
  CC      fs/configfs/dir.o
  CC      security/keys/request_key.o
  CC      mm/fadvise.o
  CC      security/keys/request_key_auth.o
  CC      mm/madvise.o
  CC      fs/configfs/symlink.o
  CC      security/keys/user_defined.o
  CC      fs/configfs/mount.o
  CC      mm/memblock.o
  CC      fs/configfs/item.o
  CC      security/keys/compat.o
  CC      kernel/cgroup/namespace.o
  AR      fs/configfs/configfs.o
  AR      fs/configfs/built-in.o
  CC      fs/crypto/crypto.o
  CC      security/keys/compat_dh.o
  CC      mm/page_io.o
  CC      kernel/cgroup/cgroup-v1.o
  CC      security/keys/proc.o
  CC      fs/crypto/fname.o
  CC      mm/swap_state.o
  CC      security/keys/sysctl.o
  CC      kernel/cgroup/freezer.o
  CC      security/keys/persistent.o
  CC      fs/crypto/hkdf.o
  CC      mm/swapfile.o
  CC      security/keys/dh.o
  CC      kernel/cgroup/pids.o
  CC      fs/crypto/hooks.o
  CC      kernel/cgroup/cpuset.o
  CC      security/keys/encrypted-keys/encrypted.o
  CC      fs/crypto/keyring.o
  CC      mm/dmapool.o
  CC      security/keys/encrypted-keys/ecryptfs_format.o
  CC      fs/crypto/keysetup.o
  AR      kernel/cgroup/built-in.o
  CC      kernel/events/core.o
  AR      security/keys/encrypted-keys/encrypted-keys.o
  AR      security/keys/encrypted-keys/built-in.o
  AR      security/keys/built-in.o
  GEN     security/selinux/flask.h security/selinux/av_permissions.h
  CC      security/selinux/avc.o
  CC      mm/hugetlb.o
  CC      fs/crypto/keysetup_v1.o
  CC      security/selinux/hooks.o
  CC      fs/crypto/policy.o
  CC      fs/crypto/bio.o
  CC      mm/sparse.o
  CC      fs/crypto/inline_crypt.o
  CC      mm/sparse-vmemmap.o
  CC      security/selinux/selinuxfs.o
  CC      mm/slub.o
  AR      fs/crypto/fscrypto.o
  AR      fs/crypto/built-in.o
  CC      fs/devpts/inode.o
  CC      kernel/events/ring_buffer.o
  AR      fs/devpts/devpts.o
  AR      fs/devpts/built-in.o
  CC      fs/erofs/super.o
  CC      security/selinux/netlink.o
  CC      kernel/events/callchain.o
  CC      security/selinux/nlmsgtab.o
  CC      fs/erofs/inode.o
  CC      kernel/events/hw_breakpoint.o
  CC      fs/erofs/data.o
  CC      security/selinux/netif.o
  CC      mm/migrate.o
  CC      kernel/events/uprobes.o
  CC      fs/erofs/namei.o
  CC      security/selinux/netnode.o
  CC      fs/erofs/dir.o
  CC      fs/erofs/utils.o
  CC      security/selinux/netport.o
  CC      mm/page_counter.o
  AR      kernel/events/built-in.o
  CC      kernel/irq/irqdesc.o
  CC      mm/memcontrol.o
  CC      fs/erofs/pcpubuf.o
  CC      security/selinux/ibpkey.o
  CC      kernel/irq/handle.o
  CC      fs/erofs/xattr.o
  CC      security/selinux/exports.o
  CC      kernel/irq/manage.o
  CC      fs/erofs/decompressor.o
  CC      security/selinux/ss/ebitmap.o
  CC      fs/erofs/zmap.o
  CC      kernel/irq/spurious.o
  CC      security/selinux/ss/hashtab.o
  CC      fs/erofs/zdata.o
  CC      security/selinux/ss/symtab.o
  CC      mm/vmpressure.o
  CC      kernel/irq/resend.o
  CC      security/selinux/ss/sidtab.o
  CC      kernel/irq/chip.o
  CC      mm/swap_cgroup.o
  AR      fs/erofs/erofs.o
  AR      fs/erofs/built-in.o
  CC      fs/exfat/exfat_core.o
  CC      mm/hugetlb_cgroup.o
  CC      kernel/irq/dummychip.o
  CC      security/selinux/ss/avtab.o
  CC      mm/page_isolation.o
  CC      kernel/irq/devres.o
  CC      security/selinux/ss/policydb.o
  CC      mm/zsmalloc.o
In file included from ../fs/exfat/exfat_core.c:52:
../fs/exfat/exfat_blkdev.h:65:12: warning: function 'bdev_init' has internal linkage but is not defined [-Wundefined-internal]
static s32 bdev_init(void);
           ^
../fs/exfat/exfat_core.c:133:8: note: used here
        ret = bdev_init();
              ^
In file included from ../fs/exfat/exfat_core.c:52:
../fs/exfat/exfat_blkdev.h:66:12: warning: function 'bdev_shutdown' has internal linkage but is not defined [-Wundefined-internal]
static s32 bdev_shutdown(void);
           ^
../fs/exfat/exfat_core.c:152:8: note: used here
        ret = bdev_shutdown();
              ^
In file included from ../fs/exfat/exfat_core.c:51:
../fs/exfat/exfat_oal.h:68:12: warning: function 'sm_init' has internal linkage but is not defined [-Wundefined-internal]
static s32 sm_init(struct semaphore *sm);
           ^
../fs/exfat/exfat_core.c:170:2: note: used here
        sm_init(&p_fs->v_sem);
        ^
In file included from ../fs/exfat/exfat_core.c:52:
../fs/exfat/exfat_blkdev.h:67:12: warning: function 'bdev_open' has internal linkage but is not defined [-Wundefined-internal]
static s32 bdev_open(struct super_block *sb);
           ^
../fs/exfat/exfat_core.c:174:6: note: used here
        if (bdev_open(sb))
            ^
In file included from ../fs/exfat/exfat_core.c:52:
../fs/exfat/exfat_blkdev.h:68:12: warning: function 'bdev_close' has internal linkage but is not defined [-Wundefined-internal]
static s32 bdev_close(struct super_block *sb);
           ^
../fs/exfat/exfat_core.c:193:3: note: used here
                bdev_close(sb);
                ^
In file included from ../fs/exfat/exfat_core.c:53:
../fs/exfat/exfat_cache.h:82:13: warning: function 'buf_release_all' has internal linkage but is not defined [-Wundefined-internal]
static void buf_release_all(struct super_block *sb);
            ^
../fs/exfat/exfat_core.c:262:2: note: used here
        buf_release_all(sb);
        ^
In file included from ../fs/exfat/exfat_core.c:53:
../fs/exfat/exfat_cache.h:78:13: warning: function 'buf_modify' has internal linkage but is not defined [-Wundefined-internal]
static void buf_modify(struct super_block *sb, u32 sec);
            ^
../fs/exfat/exfat_core.c:691:3: note: used here
                buf_modify(sb, sector);
                ^
In file included from ../fs/exfat/exfat_core.c:53:
../fs/exfat/exfat_cache.h:79:13: warning: function 'buf_lock' has internal linkage but is not defined [-Wundefined-internal]
static void buf_lock(struct super_block *sb, u32 sec);
            ^
../fs/exfat/exfat_core.c:1144:3: note: used here
                buf_lock(sb, sector);
                ^
In file included from ../fs/exfat/exfat_core.c:54:
../fs/exfat/exfat_nls.h:88:13: warning: function 'nls_uniname_to_cstring' has internal linkage but is not defined [-Wundefined-internal]
static void nls_uniname_to_cstring(struct super_block *sb, u8 *p_cstring, UNI_NAME_T *p_uniname);
            ^
../fs/exfat/exfat_core.c:1176:2: note: used here
        nls_uniname_to_cstring(sb, info->Name, &uni_name);
        ^
In file included from ../fs/exfat/exfat_core.c:53:
../fs/exfat/exfat_cache.h:80:13: warning: function 'buf_unlock' has internal linkage but is not defined [-Wundefined-internal]
static void buf_unlock(struct super_block *sb, u32 sec);
            ^
../fs/exfat/exfat_core.c:1181:3: note: used here
                buf_unlock(sb, sector);
                ^
In file included from ../fs/exfat/exfat_core.c:52:
../fs/exfat/exfat_blkdev.h:71:12: warning: function 'bdev_sync' has internal linkage but is not defined [-Wundefined-internal]
static s32 bdev_sync(struct super_block *sb);
           ^
../fs/exfat/exfat_core.c:1744:3: note: used here
                bdev_sync(sb);
                ^
In file included from ../fs/exfat/exfat_core.c:53:
../fs/exfat/exfat_cache.h:81:13: warning: function 'buf_release' has internal linkage but is not defined [-Wundefined-internal]
static void buf_release(struct super_block *sb, u32 sec);
            ^
../fs/exfat/exfat_core.c:1946:5: note: used here
                                buf_release(sb, sector+i);
                                ^
In file included from ../fs/exfat/exfat_core.c:54:
../fs/exfat/exfat_nls.h:85:12: warning: function 'nls_uniname_cmp' has internal linkage but is not defined [-Wundefined-internal]
static s32 nls_uniname_cmp(struct super_block *sb, u16 *a, u16 *b);
           ^
../fs/exfat/exfat_core.c:3680:9: note: used here
                if ((!nls_uniname_cmp(sb, p_uniname->name, (u16 *) UNI_CUR_DIR_NAME)) ||
                      ^
In file included from ../fs/exfat/exfat_core.c:54:
../fs/exfat/exfat_nls.h:84:12: warning: function 'nls_dosname_cmp' has internal linkage but is not defined [-Wundefined-internal]
static s32 nls_dosname_cmp(struct super_block *sb, u8 *a, u8 *b);
           ^
../fs/exfat/exfat_core.c:3710:24: note: used here
                                        if ((!lossy) && (!nls_dosname_cmp(sb, p_dosname->name, dos_ep->name)))
                                                          ^
In file included from ../fs/exfat/exfat_core.c:54:
../fs/exfat/exfat_nls.h:86:13: warning: function 'nls_uniname_to_dosname' has internal linkage but is not defined [-Wundefined-internal]
static void nls_uniname_to_dosname(struct super_block *sb, DOS_NAME_T *p_dosname, UNI_NAME_T *p_uniname, s32 *p_lossy);
            ^
../fs/exfat/exfat_core.c:4080:3: note: used here
                nls_uniname_to_dosname(sb, p_dosname, p_uniname, &lossy);
                ^
In file included from ../fs/exfat/exfat_core.c:54:
../fs/exfat/exfat_nls.h:87:13: warning: function 'nls_dosname_to_uniname' has internal linkage but is not defined [-Wundefined-internal]
static void nls_dosname_to_uniname(struct super_block *sb, UNI_NAME_T *p_uniname, DOS_NAME_T *p_dosname);
            ^
../fs/exfat/exfat_core.c:4115:2: note: used here
        nls_dosname_to_uniname(sb, p_uniname, &dos_name);
        ^
In file included from ../fs/exfat/exfat_core.c:54:
../fs/exfat/exfat_nls.h:89:13: warning: function 'nls_cstring_to_uniname' has internal linkage but is not defined [-Wundefined-internal]
static void nls_cstring_to_uniname(struct super_block *sb, UNI_NAME_T *p_uniname, u8 *p_cstring, s32 *p_lossy);
            ^
../fs/exfat/exfat_core.c:4454:2: note: used here
        nls_cstring_to_uniname(sb, p_uniname, name_buf, &lossy);
        ^
In file included from ../fs/exfat/exfat_core.c:52:
../fs/exfat/exfat_blkdev.h:69:12: warning: function 'bdev_read' has internal linkage but is not defined [-Wundefined-internal]
static s32 bdev_read(struct super_block *sb, u32 secno, struct buffer_head **bh, u32 num_secs, s32 read);
           ^
../fs/exfat/exfat_core.c:5044:9: note: used here
                ret = bdev_read(sb, sec, bh, 1, read);
                      ^
In file included from ../fs/exfat/exfat_core.c:52:
../fs/exfat/exfat_blkdev.h:70:12: warning: function 'bdev_write' has internal linkage but is not defined [-Wundefined-internal]
static s32 bdev_write(struct super_block *sb, u32 secno, struct buffer_head *bh, u32 num_secs, s32 sync);
           ^
../fs/exfat/exfat_core.c:5070:9: note: used here
                ret = bdev_write(sb, sec, bh, 1, sync);
                      ^
In file included from ../fs/exfat/exfat_core.c:53:
../fs/exfat/exfat_cache.h:69:12: warning: unused function 'buf_init' [-Wunused-function]
static s32 buf_init(struct super_block *sb);
           ^
../fs/exfat/exfat_cache.h:70:12: warning: unused function 'buf_shutdown' [-Wunused-function]
static s32 buf_shutdown(struct super_block *sb);
           ^
../fs/exfat/exfat_cache.h:83:13: warning: unused function 'buf_sync' [-Wunused-function]
static void buf_sync(struct super_block *sb);
            ^
../fs/exfat/exfat_core.c:2300:13: warning: unused function 'sync_alloc_bitmap' [-Wunused-function]
static void sync_alloc_bitmap(struct super_block *sb)
            ^
In file included from ../fs/exfat/exfat_core.c:56:
In file included from ../fs/exfat/exfat_super.h:39:
../fs/exfat/exfat_core.h:608:12: warning: unused function 'fat_init_ext_dir_entry' [-Wunused-function]
static s32 fat_init_ext_dir_entry(struct super_block *sb, CHAIN_T *p_dir, s32 entry, s32 num_entries, UNI_NAME_T *p_uniname, DOS_NAME_T *p_dosname);
           ^
../fs/exfat/exfat_core.h:609:12: warning: unused function 'exfat_init_ext_dir_entry' [-Wunused-function]
static s32 exfat_init_ext_dir_entry(struct super_block *sb, CHAIN_T *p_dir, s32 entry, s32 num_entries, UNI_NAME_T *p_uniname, DOS_NAME_T *p_dosname);
           ^
../fs/exfat/exfat_core.c:3456:5: warning: unused function 'write_partial_entries_in_entry_set' [-Wunused-function]
s32 write_partial_entries_in_entry_set (struct super_block *sb, ENTRY_SET_CACHE_T *es, DENTRY_T *ep, u32 count)
    ^
../fs/exfat/exfat_core.c:4413:12: warning: unused function 'calc_checksum_4byte' [-Wunused-function]
static u32 calc_checksum_4byte(void *data, s32 len, u32 chksum, s32 type)
           ^
In file included from ../fs/exfat/exfat_core.c:56:
In file included from ../fs/exfat/exfat_super.h:39:
../fs/exfat/exfat_core.h:653:12: warning: unused function 'resolve_name' [-Wunused-function]
static s32 resolve_name(u8 *name, u8 **arg);
           ^
../fs/exfat/exfat_core.c:5078:12: warning: unused function 'multi_sector_read' [-Wunused-function]
static s32 multi_sector_read(struct super_block *sb, u32 sec, struct buffer_head **bh, s32 num_secs, s32 read)
           ^
../fs/exfat/exfat_core.c:5098:12: warning: unused function 'multi_sector_write' [-Wunused-function]
static s32 multi_sector_write(struct super_block *sb, u32 sec, struct buffer_head *bh, s32 num_secs, s32 sync)
           ^
30 warnings generated.
  CC      kernel/irq/autoprobe.o
  CC      fs/exfat/exfat_super.o
  CC      kernel/irq/irqdomain.o
In file included from ../fs/exfat/exfat_super.c:81:
../fs/exfat/exfat_oal.h:68:12: warning: unused function 'sm_init' [-Wunused-function]
static s32 sm_init(struct semaphore *sm);
           ^
In file included from ../fs/exfat/exfat_super.c:83:
../fs/exfat/exfat_blkdev.h:65:12: warning: unused function 'bdev_init' [-Wunused-function]
static s32 bdev_init(void);
           ^
../fs/exfat/exfat_blkdev.h:66:12: warning: unused function 'bdev_shutdown' [-Wunused-function]
static s32 bdev_shutdown(void);
           ^
../fs/exfat/exfat_blkdev.h:67:12: warning: unused function 'bdev_open' [-Wunused-function]
static s32 bdev_open(struct super_block *sb);
           ^
../fs/exfat/exfat_blkdev.h:68:12: warning: unused function 'bdev_close' [-Wunused-function]
static s32 bdev_close(struct super_block *sb);
           ^
../fs/exfat/exfat_blkdev.h:69:12: warning: unused function 'bdev_read' [-Wunused-function]
static s32 bdev_read(struct super_block *sb, u32 secno, struct buffer_head **bh, u32 num_secs, s32 read);
           ^
../fs/exfat/exfat_blkdev.h:70:12: warning: unused function 'bdev_write' [-Wunused-function]
static s32 bdev_write(struct super_block *sb, u32 secno, struct buffer_head *bh, u32 num_secs, s32 sync);
           ^
../fs/exfat/exfat_blkdev.h:71:12: warning: unused function 'bdev_sync' [-Wunused-function]
static s32 bdev_sync(struct super_block *sb);
           ^
In file included from ../fs/exfat/exfat_super.c:84:
../fs/exfat/exfat_cache.h:69:12: warning: unused function 'buf_init' [-Wunused-function]
static s32 buf_init(struct super_block *sb);
           ^
../fs/exfat/exfat_cache.h:70:12: warning: unused function 'buf_shutdown' [-Wunused-function]
static s32 buf_shutdown(struct super_block *sb);
           ^
../fs/exfat/exfat_cache.h:78:13: warning: unused function 'buf_modify' [-Wunused-function]
static void buf_modify(struct super_block *sb, u32 sec);
            ^
../fs/exfat/exfat_cache.h:79:13: warning: unused function 'buf_lock' [-Wunused-function]
static void buf_lock(struct super_block *sb, u32 sec);
            ^
../fs/exfat/exfat_cache.h:80:13: warning: unused function 'buf_unlock' [-Wunused-function]
static void buf_unlock(struct super_block *sb, u32 sec);
            ^
../fs/exfat/exfat_cache.h:81:13: warning: unused function 'buf_release' [-Wunused-function]
static void buf_release(struct super_block *sb, u32 sec);
            ^
../fs/exfat/exfat_cache.h:82:13: warning: unused function 'buf_release_all' [-Wunused-function]
static void buf_release_all(struct super_block *sb);
            ^
../fs/exfat/exfat_cache.h:83:13: warning: unused function 'buf_sync' [-Wunused-function]
static void buf_sync(struct super_block *sb);
            ^
In file included from ../fs/exfat/exfat_super.c:85:
../fs/exfat/exfat_nls.h:84:12: warning: unused function 'nls_dosname_cmp' [-Wunused-function]
static s32 nls_dosname_cmp(struct super_block *sb, u8 *a, u8 *b);
           ^
../fs/exfat/exfat_nls.h:85:12: warning: unused function 'nls_uniname_cmp' [-Wunused-function]
static s32 nls_uniname_cmp(struct super_block *sb, u16 *a, u16 *b);
           ^
../fs/exfat/exfat_nls.h:86:13: warning: unused function 'nls_uniname_to_dosname' [-Wunused-function]
static void nls_uniname_to_dosname(struct super_block *sb, DOS_NAME_T *p_dosname, UNI_NAME_T *p_uniname, s32 *p_lossy);
            ^
../fs/exfat/exfat_nls.h:87:13: warning: unused function 'nls_dosname_to_uniname' [-Wunused-function]
static void nls_dosname_to_uniname(struct super_block *sb, UNI_NAME_T *p_uniname, DOS_NAME_T *p_dosname);
            ^
../fs/exfat/exfat_nls.h:88:13: warning: unused function 'nls_uniname_to_cstring' [-Wunused-function]
static void nls_uniname_to_cstring(struct super_block *sb, u8 *p_cstring, UNI_NAME_T *p_uniname);
            ^
../fs/exfat/exfat_nls.h:89:13: warning: unused function 'nls_cstring_to_uniname' [-Wunused-function]
static void nls_cstring_to_uniname(struct super_block *sb, UNI_NAME_T *p_uniname, u8 *p_cstring, s32 *p_lossy);
            ^
In file included from ../fs/exfat/exfat_super.c:87:
../fs/exfat/exfat_core.h:551:12: warning: unused function 'fs_init' [-Wunused-function]
static s32 fs_init(void);
           ^
../fs/exfat/exfat_core.h:552:12: warning: unused function 'fs_shutdown' [-Wunused-function]
static s32 fs_shutdown(void);
           ^
../fs/exfat/exfat_core.h:553:13: warning: unused function 'fs_set_vol_flags' [-Wunused-function]
static void fs_set_vol_flags(struct super_block *sb, u32 new_flag);
            ^
../fs/exfat/exfat_core.h:554:13: warning: unused function 'fs_sync' [-Wunused-function]
static void fs_sync(struct super_block *sb, s32 do_sync);
            ^
../fs/exfat/exfat_core.h:555:13: warning: unused function 'fs_error' [-Wunused-function]
static void fs_error(struct super_block *sb);
            ^
../fs/exfat/exfat_core.h:558:12: warning: unused function 'clear_cluster' [-Wunused-function]
static s32 clear_cluster(struct super_block *sb, u32 clu);
           ^
../fs/exfat/exfat_core.h:559:12: warning: unused function 'fat_alloc_cluster' [-Wunused-function]
static s32 fat_alloc_cluster(struct super_block *sb, s32 num_alloc, CHAIN_T *p_chain);
           ^
../fs/exfat/exfat_core.h:560:12: warning: unused function 'exfat_alloc_cluster' [-Wunused-function]
static s32 exfat_alloc_cluster(struct super_block *sb, s32 num_alloc, CHAIN_T *p_chain);
           ^
../fs/exfat/exfat_core.h:561:13: warning: unused function 'fat_free_cluster' [-Wunused-function]
static void fat_free_cluster(struct super_block *sb, CHAIN_T *p_chain, s32 do_relse);
            ^
../fs/exfat/exfat_core.h:562:13: warning: unused function 'exfat_free_cluster' [-Wunused-function]
static void exfat_free_cluster(struct super_block *sb, CHAIN_T *p_chain, s32 do_relse);
            ^
../fs/exfat/exfat_core.h:563:12: warning: unused function 'find_last_cluster' [-Wunused-function]
static u32 find_last_cluster(struct super_block *sb, CHAIN_T *p_chain);
           ^
../fs/exfat/exfat_core.h:564:12: warning: unused function 'count_num_clusters' [-Wunused-function]
static s32 count_num_clusters(struct super_block *sb, CHAIN_T *dir);
           ^
../fs/exfat/exfat_core.h:565:12: warning: unused function 'fat_count_used_clusters' [-Wunused-function]
static s32 fat_count_used_clusters(struct super_block *sb);
           ^
../fs/exfat/exfat_core.h:566:12: warning: unused function 'exfat_count_used_clusters' [-Wunused-function]
static s32 exfat_count_used_clusters(struct super_block *sb);
           ^
../fs/exfat/exfat_core.h:567:13: warning: unused function 'exfat_chain_cont_cluster' [-Wunused-function]
static void exfat_chain_cont_cluster(struct super_block *sb, u32 chain, s32 len);
            ^
../fs/exfat/exfat_core.h:570:12: warning: unused function 'load_alloc_bitmap' [-Wunused-function]
static s32 load_alloc_bitmap(struct super_block *sb);
           ^
../fs/exfat/exfat_core.h:571:13: warning: unused function 'free_alloc_bitmap' [-Wunused-function]
static void free_alloc_bitmap(struct super_block *sb);
            ^
../fs/exfat/exfat_core.h:572:12: warning: unused function 'set_alloc_bitmap' [-Wunused-function]
static s32 set_alloc_bitmap(struct super_block *sb, u32 clu);
           ^
../fs/exfat/exfat_core.h:573:12: warning: unused function 'clr_alloc_bitmap' [-Wunused-function]
static s32 clr_alloc_bitmap(struct super_block *sb, u32 clu);
           ^
../fs/exfat/exfat_core.h:574:12: warning: unused function 'test_alloc_bitmap' [-Wunused-function]
static u32 test_alloc_bitmap(struct super_block *sb, u32 clu);
           ^
../fs/exfat/exfat_core.h:575:13: warning: unused function 'sync_alloc_bitmap' [-Wunused-function]
static void sync_alloc_bitmap(struct super_block *sb);
            ^
../fs/exfat/exfat_core.h:578:12: warning: unused function 'load_upcase_table' [-Wunused-function]
static s32 load_upcase_table(struct super_block *sb);
           ^
../fs/exfat/exfat_core.h:579:13: warning: unused function 'free_upcase_table' [-Wunused-function]
static void free_upcase_table(struct super_block *sb);
            ^
../fs/exfat/exfat_core.h:582:12: warning: unused function 'fat_get_entry_type' [-Wunused-function]
static u32 fat_get_entry_type(DENTRY_T *p_entry);
           ^
../fs/exfat/exfat_core.h:583:12: warning: unused function 'exfat_get_entry_type' [-Wunused-function]
static u32 exfat_get_entry_type(DENTRY_T *p_entry);
           ^
../fs/exfat/exfat_core.h:584:13: warning: unused function 'fat_set_entry_type' [-Wunused-function]
static void fat_set_entry_type(DENTRY_T *p_entry, u32 type);
            ^
../fs/exfat/exfat_core.h:585:13: warning: unused function 'exfat_set_entry_type' [-Wunused-function]
static void exfat_set_entry_type(DENTRY_T *p_entry, u32 type);
            ^
../fs/exfat/exfat_core.h:586:12: warning: unused function 'fat_get_entry_attr' [-Wunused-function]
static u32 fat_get_entry_attr(DENTRY_T *p_entry);
           ^
../fs/exfat/exfat_core.h:587:12: warning: unused function 'exfat_get_entry_attr' [-Wunused-function]
static u32 exfat_get_entry_attr(DENTRY_T *p_entry);
           ^
../fs/exfat/exfat_core.h:588:13: warning: unused function 'fat_set_entry_attr' [-Wunused-function]
static void fat_set_entry_attr(DENTRY_T *p_entry, u32 attr);
            ^
../fs/exfat/exfat_core.h:589:13: warning: unused function 'exfat_set_entry_attr' [-Wunused-function]
static void exfat_set_entry_attr(DENTRY_T *p_entry, u32 attr);
            ^
../fs/exfat/exfat_core.h:592:13: warning: unused function 'fat_set_entry_flag' [-Wunused-function]
static void fat_set_entry_flag(DENTRY_T *p_entry, u8 flag);
            ^
../fs/exfat/exfat_core.h:593:13: warning: unused function 'exfat_set_entry_flag' [-Wunused-function]
static void exfat_set_entry_flag(DENTRY_T *p_entry, u8 flag);
            ^
../fs/exfat/exfat_core.h:594:12: warning: unused function 'fat_get_entry_clu0' [-Wunused-function]
static u32 fat_get_entry_clu0(DENTRY_T *p_entry);
           ^
../fs/exfat/exfat_core.h:595:12: warning: unused function 'exfat_get_entry_clu0' [-Wunused-function]
static u32 exfat_get_entry_clu0(DENTRY_T *p_entry);
           ^
../fs/exfat/exfat_core.h:596:13: warning: unused function 'fat_set_entry_clu0' [-Wunused-function]
static void fat_set_entry_clu0(DENTRY_T *p_entry, u32 start_clu);
            ^
../fs/exfat/exfat_core.h:597:13: warning: unused function 'exfat_set_entry_clu0' [-Wunused-function]
static void exfat_set_entry_clu0(DENTRY_T *p_entry, u32 start_clu);
            ^
../fs/exfat/exfat_core.h:598:12: warning: unused function 'fat_get_entry_size' [-Wunused-function]
static u64 fat_get_entry_size(DENTRY_T *p_entry);
           ^
../fs/exfat/exfat_core.h:599:12: warning: unused function 'exfat_get_entry_size' [-Wunused-function]
static u64 exfat_get_entry_size(DENTRY_T *p_entry);
           ^
../fs/exfat/exfat_core.h:600:13: warning: unused function 'fat_set_entry_size' [-Wunused-function]
static void fat_set_entry_size(DENTRY_T *p_entry, u64 size);
            ^
../fs/exfat/exfat_core.h:601:13: warning: unused function 'exfat_set_entry_size' [-Wunused-function]
static void exfat_set_entry_size(DENTRY_T *p_entry, u64 size);
            ^
../fs/exfat/exfat_core.h:602:13: warning: unused function 'fat_get_entry_time' [-Wunused-function]
static void fat_get_entry_time(DENTRY_T *p_entry, TIMESTAMP_T *tp, u8 mode);
            ^
../fs/exfat/exfat_core.h:603:13: warning: unused function 'exfat_get_entry_time' [-Wunused-function]
static void exfat_get_entry_time(DENTRY_T *p_entry, TIMESTAMP_T *tp, u8 mode);
            ^
../fs/exfat/exfat_core.h:604:13: warning: unused function 'fat_set_entry_time' [-Wunused-function]
static void fat_set_entry_time(DENTRY_T *p_entry, TIMESTAMP_T *tp, u8 mode);
            ^
../fs/exfat/exfat_core.h:605:13: warning: unused function 'exfat_set_entry_time' [-Wunused-function]
static void exfat_set_entry_time(DENTRY_T *p_entry, TIMESTAMP_T *tp, u8 mode);
            ^
../fs/exfat/exfat_core.h:606:12: warning: unused function 'fat_init_dir_entry' [-Wunused-function]
static s32 fat_init_dir_entry(struct super_block *sb, CHAIN_T *p_dir, s32 entry, u32 type, u32 start_clu, u64 size);
           ^
../fs/exfat/exfat_core.h:607:12: warning: unused function 'exfat_init_dir_entry' [-Wunused-function]
static s32 exfat_init_dir_entry(struct super_block *sb, CHAIN_T *p_dir, s32 entry, u32 type, u32 start_clu, u64 size);
           ^
../fs/exfat/exfat_core.h:608:12: warning: unused function 'fat_init_ext_dir_entry' [-Wunused-function]
static s32 fat_init_ext_dir_entry(struct super_block *sb, CHAIN_T *p_dir, s32 entry, s32 num_entries, UNI_NAME_T *p_uniname, DOS_NAME_T *p_dosname);
           ^
../fs/exfat/exfat_core.h:609:12: warning: unused function 'exfat_init_ext_dir_entry' [-Wunused-function]
static s32 exfat_init_ext_dir_entry(struct super_block *sb, CHAIN_T *p_dir, s32 entry, s32 num_entries, UNI_NAME_T *p_uniname, DOS_NAME_T *p_dosname);
           ^
../fs/exfat/exfat_core.h:610:13: warning: unused function 'init_dos_entry' [-Wunused-function]
static void init_dos_entry(DOS_DENTRY_T *ep, u32 type, u32 start_clu);
            ^
../fs/exfat/exfat_core.h:611:13: warning: unused function 'init_ext_entry' [-Wunused-function]
static void init_ext_entry(EXT_DENTRY_T *ep, s32 order, u8 chksum, u16 *uniname);
            ^
../fs/exfat/exfat_core.h:612:13: warning: unused function 'init_file_entry' [-Wunused-function]
static void init_file_entry(FILE_DENTRY_T *ep, u32 type);
            ^
../fs/exfat/exfat_core.h:613:13: warning: unused function 'init_strm_entry' [-Wunused-function]
static void init_strm_entry(STRM_DENTRY_T *ep, u8 flags, u32 start_clu, u64 size);
            ^
../fs/exfat/exfat_core.h:614:13: warning: unused function 'init_name_entry' [-Wunused-function]
static void init_name_entry(NAME_DENTRY_T *ep, u16 *uniname);
            ^
../fs/exfat/exfat_core.h:615:13: warning: unused function 'fat_delete_dir_entry' [-Wunused-function]
static void fat_delete_dir_entry(struct super_block *sb, CHAIN_T *p_dir, s32 entry, s32 order, s32 num_entries);
            ^
../fs/exfat/exfat_core.h:616:13: warning: unused function 'exfat_delete_dir_entry' [-Wunused-function]
static void exfat_delete_dir_entry(struct super_block *sb, CHAIN_T *p_dir, s32 entry, s32 order, s32 num_entries);
            ^
../fs/exfat/exfat_core.h:618:12: warning: unused function 'find_location' [-Wunused-function]
static s32 find_location(struct super_block *sb, CHAIN_T *p_dir, s32 entry, u32 *sector, s32 *offset);
           ^
../fs/exfat/exfat_core.h:622:13: warning: unused function 'release_entry_set' [-Wunused-function]
static void release_entry_set(ENTRY_SET_CACHE_T *es);
            ^
../fs/exfat/exfat_core.h:623:12: warning: unused function 'write_whole_entry_set' [-Wunused-function]
static s32 write_whole_entry_set(struct super_block *sb, ENTRY_SET_CACHE_T *es);
           ^
../fs/exfat/exfat_core.h:624:12: warning: unused function 'write_partial_entries_in_entry_set' [-Wunused-function]
static s32 write_partial_entries_in_entry_set(struct super_block *sb, ENTRY_SET_CACHE_T *es, DENTRY_T *ep, u32 count);
           ^
../fs/exfat/exfat_core.h:625:12: warning: unused function 'search_deleted_or_unused_entry' [-Wunused-function]
static s32 search_deleted_or_unused_entry(struct super_block *sb, CHAIN_T *p_dir, s32 num_entries);
           ^
../fs/exfat/exfat_core.h:626:12: warning: unused function 'find_empty_entry' [-Wunused-function]
static s32 find_empty_entry(struct inode *inode, CHAIN_T *p_dir, s32 num_entries);
           ^
../fs/exfat/exfat_core.h:627:12: warning: unused function 'fat_find_dir_entry' [-Wunused-function]
static s32 fat_find_dir_entry(struct super_block *sb, CHAIN_T *p_dir, UNI_NAME_T *p_uniname, s32 num_entries, DOS_NAME_T *p_dosname, u32 type);
           ^
../fs/exfat/exfat_core.h:628:12: warning: unused function 'exfat_find_dir_entry' [-Wunused-function]
static s32 exfat_find_dir_entry(struct super_block *sb, CHAIN_T *p_dir, UNI_NAME_T *p_uniname, s32 num_entries, DOS_NAME_T *p_dosname, u32 type);
           ^
../fs/exfat/exfat_core.h:629:12: warning: unused function 'fat_count_ext_entries' [-Wunused-function]
static s32 fat_count_ext_entries(struct super_block *sb, CHAIN_T *p_dir, s32 entry, DENTRY_T *p_entry);
           ^
../fs/exfat/exfat_core.h:630:12: warning: unused function 'exfat_count_ext_entries' [-Wunused-function]
static s32 exfat_count_ext_entries(struct super_block *sb, CHAIN_T *p_dir, s32 entry, DENTRY_T *p_entry);
           ^
../fs/exfat/exfat_core.h:631:12: warning: unused function 'count_dos_name_entries' [-Wunused-function]
static s32 count_dos_name_entries(struct super_block *sb, CHAIN_T *p_dir, u32 type);
           ^
../fs/exfat/exfat_core.h:632:13: warning: unused function 'update_dir_checksum' [-Wunused-function]
static void update_dir_checksum(struct super_block *sb, CHAIN_T *p_dir, s32 entry);
            ^
../fs/exfat/exfat_core.h:633:13: warning: unused function 'update_dir_checksum_with_entry_set' [-Wunused-function]
static void update_dir_checksum_with_entry_set(struct super_block *sb, ENTRY_SET_CACHE_T *es);
            ^
../fs/exfat/exfat_core.h:634:13: warning: unused function 'is_dir_empty' [-Wunused-function]
static bool is_dir_empty(struct super_block *sb, CHAIN_T *p_dir);
            ^
../fs/exfat/exfat_core.h:637:12: warning: unused function 'get_num_entries_and_dos_name' [-Wunused-function]
static s32 get_num_entries_and_dos_name(struct super_block *sb, CHAIN_T *p_dir, UNI_NAME_T *p_uniname, s32 *entries, DOS_NAME_T *p_dosname);
           ^
../fs/exfat/exfat_core.h:638:13: warning: unused function 'get_uni_name_from_dos_entry' [-Wunused-function]
static void get_uni_name_from_dos_entry(struct super_block *sb, DOS_DENTRY_T *ep, UNI_NAME_T *p_uniname, u8 mode);
            ^
../fs/exfat/exfat_core.h:639:13: warning: unused function 'fat_get_uni_name_from_ext_entry' [-Wunused-function]
static void fat_get_uni_name_from_ext_entry(struct super_block *sb, CHAIN_T *p_dir, s32 entry, u16 *uniname);
            ^
../fs/exfat/exfat_core.h:640:13: warning: unused function 'exfat_get_uni_name_from_ext_entry' [-Wunused-function]
static void exfat_get_uni_name_from_ext_entry(struct super_block *sb, CHAIN_T *p_dir, s32 entry, u16 *uniname);
            ^
../fs/exfat/exfat_core.h:641:12: warning: unused function 'extract_uni_name_from_ext_entry' [-Wunused-function]
static s32 extract_uni_name_from_ext_entry(EXT_DENTRY_T *ep, u16 *uniname, s32 order);
           ^
../fs/exfat/exfat_core.h:642:12: warning: unused function 'extract_uni_name_from_name_entry' [-Wunused-function]
static s32 extract_uni_name_from_name_entry(NAME_DENTRY_T *ep, u16 *uniname, s32 order);
           ^
../fs/exfat/exfat_core.h:643:12: warning: unused function 'fat_generate_dos_name' [-Wunused-function]
static s32 fat_generate_dos_name(struct super_block *sb, CHAIN_T *p_dir, DOS_NAME_T *p_dosname);
           ^
../fs/exfat/exfat_core.h:644:13: warning: unused function 'fat_attach_count_to_dos_name' [-Wunused-function]
static void fat_attach_count_to_dos_name(u8 *dosname, s32 count);
            ^
../fs/exfat/exfat_core.h:645:12: warning: unused function 'fat_calc_num_entries' [-Wunused-function]
static s32 fat_calc_num_entries(UNI_NAME_T *p_uniname);
           ^
../fs/exfat/exfat_core.h:646:12: warning: unused function 'exfat_calc_num_entries' [-Wunused-function]
static s32 exfat_calc_num_entries(UNI_NAME_T *p_uniname);
           ^
../fs/exfat/exfat_core.h:649:12: warning: unused function 'calc_checksum_4byte' [-Wunused-function]
static u32 calc_checksum_4byte(void *data, s32 len, u32 chksum, s32 type);
           ^
../fs/exfat/exfat_core.h:652:12: warning: unused function 'resolve_path' [-Wunused-function]
static s32 resolve_path(struct inode *inode, char *path, CHAIN_T *p_dir, UNI_NAME_T *p_uniname);
           ^
../fs/exfat/exfat_core.h:653:12: warning: unused function 'resolve_name' [-Wunused-function]
static s32 resolve_name(u8 *name, u8 **arg);
           ^
../fs/exfat/exfat_core.h:656:12: warning: unused function 'fat16_mount' [-Wunused-function]
static s32 fat16_mount(struct super_block *sb, PBR_SECTOR_T *p_pbr);
           ^
../fs/exfat/exfat_core.h:657:12: warning: unused function 'fat32_mount' [-Wunused-function]
static s32 fat32_mount(struct super_block *sb, PBR_SECTOR_T *p_pbr);
           ^
../fs/exfat/exfat_core.h:658:12: warning: unused function 'exfat_mount' [-Wunused-function]
static s32 exfat_mount(struct super_block *sb, PBR_SECTOR_T *p_pbr);
           ^
../fs/exfat/exfat_core.h:659:12: warning: unused function 'create_dir' [-Wunused-function]
static s32 create_dir(struct inode *inode, CHAIN_T *p_dir, UNI_NAME_T *p_uniname, FILE_ID_T *fid);
           ^
../fs/exfat/exfat_core.h:660:12: warning: unused function 'create_file' [-Wunused-function]
static s32 create_file(struct inode *inode, CHAIN_T *p_dir, UNI_NAME_T *p_uniname, u8 mode, FILE_ID_T *fid);
           ^
../fs/exfat/exfat_core.h:661:13: warning: unused function 'remove_file' [-Wunused-function]
static void remove_file(struct inode *inode, CHAIN_T *p_dir, s32 entry);
            ^
../fs/exfat/exfat_core.h:662:12: warning: unused function 'rename_file' [-Wunused-function]
static s32 rename_file(struct inode *inode, CHAIN_T *p_dir, s32 old_entry, UNI_NAME_T *p_uniname, FILE_ID_T *fid);
           ^
../fs/exfat/exfat_core.h:663:12: warning: unused function 'move_file' [-Wunused-function]
static s32 move_file(struct inode *inode, CHAIN_T *p_olddir, s32 oldentry, CHAIN_T *p_newdir, UNI_NAME_T *p_uniname, FILE_ID_T *fid);
           ^
../fs/exfat/exfat_core.h:666:12: warning: unused function 'sector_read' [-Wunused-function]
static s32 sector_read(struct super_block *sb, u32 sec, struct buffer_head **bh, s32 read);
           ^
../fs/exfat/exfat_core.h:667:12: warning: unused function 'sector_write' [-Wunused-function]
static s32 sector_write(struct super_block *sb, u32 sec, struct buffer_head *bh, s32 sync);
           ^
../fs/exfat/exfat_core.h:668:12: warning: unused function 'multi_sector_read' [-Wunused-function]
static s32 multi_sector_read(struct super_block *sb, u32 sec, struct buffer_head **bh, s32 num_secs, s32 read);
           ^
../fs/exfat/exfat_core.h:669:12: warning: unused function 'multi_sector_write' [-Wunused-function]
static s32 multi_sector_write(struct super_block *sb, u32 sec, struct buffer_head *bh, s32 num_secs, s32 sync);
           ^
117 warnings generated.
  CC      mm/early_ioremap.o
  CC      fs/exfat/exfat_api.o
  CC      security/selinux/ss/services.o
  CC      mm/cma.o
In file included from ../fs/exfat/exfat_api.c:46:
In file included from ../fs/exfat/exfat_super.h:36:
../fs/exfat/exfat_cache.h:69:12: warning: function 'buf_init' has internal linkage but is not defined [-Wundefined-internal]
static s32 buf_init(struct super_block *sb);
           ^
../fs/exfat/exfat_api.c:99:8: note: used here
        err = buf_init(sb);
              ^
In file included from ../fs/exfat/exfat_api.c:46:
In file included from ../fs/exfat/exfat_super.h:36:
../fs/exfat/exfat_cache.h:70:12: warning: function 'buf_shutdown' has internal linkage but is not defined [-Wundefined-internal]
static s32 buf_shutdown(struct super_block *sb);
           ^
../fs/exfat/exfat_api.c:103:3: note: used here
                buf_shutdown(sb);
                ^
In file included from ../fs/exfat/exfat_api.c:46:
In file included from ../fs/exfat/exfat_super.h:36:
../fs/exfat/exfat_cache.h:82:13: warning: function 'buf_release_all' has internal linkage but is not defined [-Wundefined-internal]
static void buf_release_all(struct super_block *sb);
            ^
../fs/exfat/exfat_api.c:514:2: note: used here
        buf_release_all(sb);
        ^
In file included from ../fs/exfat/exfat_api.c:42:
../fs/exfat/exfat_oal.h:68:12: warning: unused function 'sm_init' [-Wunused-function]
static s32 sm_init(struct semaphore *sm);
           ^
In file included from ../fs/exfat/exfat_api.c:44:
../fs/exfat/exfat_nls.h:84:12: warning: unused function 'nls_dosname_cmp' [-Wunused-function]
static s32 nls_dosname_cmp(struct super_block *sb, u8 *a, u8 *b);
           ^
../fs/exfat/exfat_nls.h:85:12: warning: unused function 'nls_uniname_cmp' [-Wunused-function]
static s32 nls_uniname_cmp(struct super_block *sb, u16 *a, u16 *b);
           ^
../fs/exfat/exfat_nls.h:86:13: warning: unused function 'nls_uniname_to_dosname' [-Wunused-function]
static void nls_uniname_to_dosname(struct super_block *sb, DOS_NAME_T *p_dosname, UNI_NAME_T *p_uniname, s32 *p_lossy);
            ^
../fs/exfat/exfat_nls.h:87:13: warning: unused function 'nls_dosname_to_uniname' [-Wunused-function]
static void nls_dosname_to_uniname(struct super_block *sb, UNI_NAME_T *p_uniname, DOS_NAME_T *p_dosname);
            ^
../fs/exfat/exfat_nls.h:88:13: warning: unused function 'nls_uniname_to_cstring' [-Wunused-function]
static void nls_uniname_to_cstring(struct super_block *sb, u8 *p_cstring, UNI_NAME_T *p_uniname);
            ^
../fs/exfat/exfat_nls.h:89:13: warning: unused function 'nls_cstring_to_uniname' [-Wunused-function]
static void nls_cstring_to_uniname(struct super_block *sb, UNI_NAME_T *p_uniname, u8 *p_cstring, s32 *p_lossy);
            ^
In file included from ../fs/exfat/exfat_api.c:46:
In file included from ../fs/exfat/exfat_super.h:35:
../fs/exfat/exfat_blkdev.h:65:12: warning: unused function 'bdev_init' [-Wunused-function]
static s32 bdev_init(void);
           ^
../fs/exfat/exfat_blkdev.h:66:12: warning: unused function 'bdev_shutdown' [-Wunused-function]
static s32 bdev_shutdown(void);
           ^
../fs/exfat/exfat_blkdev.h:67:12: warning: unused function 'bdev_open' [-Wunused-function]
static s32 bdev_open(struct super_block *sb);
           ^
../fs/exfat/exfat_blkdev.h:68:12: warning: unused function 'bdev_close' [-Wunused-function]
static s32 bdev_close(struct super_block *sb);
           ^
../fs/exfat/exfat_blkdev.h:69:12: warning: unused function 'bdev_read' [-Wunused-function]
static s32 bdev_read(struct super_block *sb, u32 secno, struct buffer_head **bh, u32 num_secs, s32 read);
           ^
../fs/exfat/exfat_blkdev.h:70:12: warning: unused function 'bdev_write' [-Wunused-function]
static s32 bdev_write(struct super_block *sb, u32 secno, struct buffer_head *bh, u32 num_secs, s32 sync);
           ^
../fs/exfat/exfat_blkdev.h:71:12: warning: unused function 'bdev_sync' [-Wunused-function]
static s32 bdev_sync(struct super_block *sb);
           ^
In file included from ../fs/exfat/exfat_api.c:46:
In file included from ../fs/exfat/exfat_super.h:36:
../fs/exfat/exfat_cache.h:78:13: warning: unused function 'buf_modify' [-Wunused-function]
static void buf_modify(struct super_block *sb, u32 sec);
            ^
../fs/exfat/exfat_cache.h:79:13: warning: unused function 'buf_lock' [-Wunused-function]
static void buf_lock(struct super_block *sb, u32 sec);
            ^
../fs/exfat/exfat_cache.h:80:13: warning: unused function 'buf_unlock' [-Wunused-function]
static void buf_unlock(struct super_block *sb, u32 sec);
            ^
../fs/exfat/exfat_cache.h:81:13: warning: unused function 'buf_release' [-Wunused-function]
static void buf_release(struct super_block *sb, u32 sec);
            ^
../fs/exfat/exfat_cache.h:83:13: warning: unused function 'buf_sync' [-Wunused-function]
static void buf_sync(struct super_block *sb);
            ^
In file included from ../fs/exfat/exfat_api.c:46:
In file included from ../fs/exfat/exfat_super.h:39:
../fs/exfat/exfat_core.h:551:12: warning: unused function 'fs_init' [-Wunused-function]
static s32 fs_init(void);
           ^
../fs/exfat/exfat_core.h:552:12: warning: unused function 'fs_shutdown' [-Wunused-function]
static s32 fs_shutdown(void);
           ^
../fs/exfat/exfat_core.h:553:13: warning: unused function 'fs_set_vol_flags' [-Wunused-function]
static void fs_set_vol_flags(struct super_block *sb, u32 new_flag);
            ^
../fs/exfat/exfat_core.h:554:13: warning: unused function 'fs_sync' [-Wunused-function]
static void fs_sync(struct super_block *sb, s32 do_sync);
            ^
../fs/exfat/exfat_core.h:555:13: warning: unused function 'fs_error' [-Wunused-function]
static void fs_error(struct super_block *sb);
            ^
../fs/exfat/exfat_core.h:558:12: warning: unused function 'clear_cluster' [-Wunused-function]
static s32 clear_cluster(struct super_block *sb, u32 clu);
           ^
../fs/exfat/exfat_core.h:559:12: warning: unused function 'fat_alloc_cluster' [-Wunused-function]
static s32 fat_alloc_cluster(struct super_block *sb, s32 num_alloc, CHAIN_T *p_chain);
           ^
../fs/exfat/exfat_core.h:560:12: warning: unused function 'exfat_alloc_cluster' [-Wunused-function]
static s32 exfat_alloc_cluster(struct super_block *sb, s32 num_alloc, CHAIN_T *p_chain);
           ^
../fs/exfat/exfat_core.h:561:13: warning: unused function 'fat_free_cluster' [-Wunused-function]
static void fat_free_cluster(struct super_block *sb, CHAIN_T *p_chain, s32 do_relse);
            ^
../fs/exfat/exfat_core.h:562:13: warning: unused function 'exfat_free_cluster' [-Wunused-function]
static void exfat_free_cluster(struct super_block *sb, CHAIN_T *p_chain, s32 do_relse);
            ^
../fs/exfat/exfat_core.h:563:12: warning: unused function 'find_last_cluster' [-Wunused-function]
static u32 find_last_cluster(struct super_block *sb, CHAIN_T *p_chain);
           ^
../fs/exfat/exfat_core.h:564:12: warning: unused function 'count_num_clusters' [-Wunused-function]
static s32 count_num_clusters(struct super_block *sb, CHAIN_T *dir);
           ^
../fs/exfat/exfat_core.h:565:12: warning: unused function 'fat_count_used_clusters' [-Wunused-function]
static s32 fat_count_used_clusters(struct super_block *sb);
           ^
../fs/exfat/exfat_core.h:566:12: warning: unused function 'exfat_count_used_clusters' [-Wunused-function]
static s32 exfat_count_used_clusters(struct super_block *sb);
           ^
../fs/exfat/exfat_core.h:567:13: warning: unused function 'exfat_chain_cont_cluster' [-Wunused-function]
static void exfat_chain_cont_cluster(struct super_block *sb, u32 chain, s32 len);
            ^
../fs/exfat/exfat_core.h:570:12: warning: unused function 'load_alloc_bitmap' [-Wunused-function]
static s32 load_alloc_bitmap(struct super_block *sb);
           ^
../fs/exfat/exfat_core.h:571:13: warning: unused function 'free_alloc_bitmap' [-Wunused-function]
static void free_alloc_bitmap(struct super_block *sb);
            ^
../fs/exfat/exfat_core.h:572:12: warning: unused function 'set_alloc_bitmap' [-Wunused-function]
static s32 set_alloc_bitmap(struct super_block *sb, u32 clu);
           ^
../fs/exfat/exfat_core.h:573:12: warning: unused function 'clr_alloc_bitmap' [-Wunused-function]
static s32 clr_alloc_bitmap(struct super_block *sb, u32 clu);
           ^
../fs/exfat/exfat_core.h:574:12: warning: unused function 'test_alloc_bitmap' [-Wunused-function]
static u32 test_alloc_bitmap(struct super_block *sb, u32 clu);
           ^
../fs/exfat/exfat_core.h:575:13: warning: unused function 'sync_alloc_bitmap' [-Wunused-function]
static void sync_alloc_bitmap(struct super_block *sb);
            ^
../fs/exfat/exfat_core.h:578:12: warning: unused function 'load_upcase_table' [-Wunused-function]
static s32 load_upcase_table(struct super_block *sb);
           ^
../fs/exfat/exfat_core.h:579:13: warning: unused function 'free_upcase_table' [-Wunused-function]
static void free_upcase_table(struct super_block *sb);
            ^
../fs/exfat/exfat_core.h:582:12: warning: unused function 'fat_get_entry_type' [-Wunused-function]
static u32 fat_get_entry_type(DENTRY_T *p_entry);
           ^
../fs/exfat/exfat_core.h:583:12: warning: unused function 'exfat_get_entry_type' [-Wunused-function]
static u32 exfat_get_entry_type(DENTRY_T *p_entry);
           ^
../fs/exfat/exfat_core.h:584:13: warning: unused function 'fat_set_entry_type' [-Wunused-function]
static void fat_set_entry_type(DENTRY_T *p_entry, u32 type);
            ^
../fs/exfat/exfat_core.h:585:13: warning: unused function 'exfat_set_entry_type' [-Wunused-function]
static void exfat_set_entry_type(DENTRY_T *p_entry, u32 type);
            ^
../fs/exfat/exfat_core.h:586:12: warning: unused function 'fat_get_entry_attr' [-Wunused-function]
static u32 fat_get_entry_attr(DENTRY_T *p_entry);
           ^
../fs/exfat/exfat_core.h:587:12: warning: unused function 'exfat_get_entry_attr' [-Wunused-function]
static u32 exfat_get_entry_attr(DENTRY_T *p_entry);
           ^
../fs/exfat/exfat_core.h:588:13: warning: unused function 'fat_set_entry_attr' [-Wunused-function]
static void fat_set_entry_attr(DENTRY_T *p_entry, u32 attr);
            ^
../fs/exfat/exfat_core.h:589:13: warning: unused function 'exfat_set_entry_attr' [-Wunused-function]
static void exfat_set_entry_attr(DENTRY_T *p_entry, u32 attr);
            ^
../fs/exfat/exfat_core.h:592:13: warning: unused function 'fat_set_entry_flag' [-Wunused-function]
static void fat_set_entry_flag(DENTRY_T *p_entry, u8 flag);
            ^
../fs/exfat/exfat_core.h:593:13: warning: unused function 'exfat_set_entry_flag' [-Wunused-function]
static void exfat_set_entry_flag(DENTRY_T *p_entry, u8 flag);
            ^
../fs/exfat/exfat_core.h:594:12: warning: unused function 'fat_get_entry_clu0' [-Wunused-function]
static u32 fat_get_entry_clu0(DENTRY_T *p_entry);
           ^
../fs/exfat/exfat_core.h:595:12: warning: unused function 'exfat_get_entry_clu0' [-Wunused-function]
static u32 exfat_get_entry_clu0(DENTRY_T *p_entry);
           ^
../fs/exfat/exfat_core.h:596:13: warning: unused function 'fat_set_entry_clu0' [-Wunused-function]
static void fat_set_entry_clu0(DENTRY_T *p_entry, u32 start_clu);
            ^
../fs/exfat/exfat_core.h:597:13: warning: unused function 'exfat_set_entry_clu0' [-Wunused-function]
static void exfat_set_entry_clu0(DENTRY_T *p_entry, u32 start_clu);
            ^
../fs/exfat/exfat_core.h:598:12: warning: unused function 'fat_get_entry_size' [-Wunused-function]
static u64 fat_get_entry_size(DENTRY_T *p_entry);
           ^
../fs/exfat/exfat_core.h:599:12: warning: unused function 'exfat_get_entry_size' [-Wunused-function]
static u64 exfat_get_entry_size(DENTRY_T *p_entry);
           ^
../fs/exfat/exfat_core.h:600:13: warning: unused function 'fat_set_entry_size' [-Wunused-function]
static void fat_set_entry_size(DENTRY_T *p_entry, u64 size);
            ^
../fs/exfat/exfat_core.h:601:13: warning: unused function 'exfat_set_entry_size' [-Wunused-function]
static void exfat_set_entry_size(DENTRY_T *p_entry, u64 size);
            ^
../fs/exfat/exfat_core.h:602:13: warning: unused function 'fat_get_entry_time' [-Wunused-function]
static void fat_get_entry_time(DENTRY_T *p_entry, TIMESTAMP_T *tp, u8 mode);
            ^
../fs/exfat/exfat_core.h:603:13: warning: unused function 'exfat_get_entry_time' [-Wunused-function]
static void exfat_get_entry_time(DENTRY_T *p_entry, TIMESTAMP_T *tp, u8 mode);
            ^
../fs/exfat/exfat_core.h:604:13: warning: unused function 'fat_set_entry_time' [-Wunused-function]
static void fat_set_entry_time(DENTRY_T *p_entry, TIMESTAMP_T *tp, u8 mode);
            ^
../fs/exfat/exfat_core.h:605:13: warning: unused function 'exfat_set_entry_time' [-Wunused-function]
static void exfat_set_entry_time(DENTRY_T *p_entry, TIMESTAMP_T *tp, u8 mode);
            ^
../fs/exfat/exfat_core.h:606:12: warning: unused function 'fat_init_dir_entry' [-Wunused-function]
static s32 fat_init_dir_entry(struct super_block *sb, CHAIN_T *p_dir, s32 entry, u32 type, u32 start_clu, u64 size);
           ^
../fs/exfat/exfat_core.h:607:12: warning: unused function 'exfat_init_dir_entry' [-Wunused-function]
static s32 exfat_init_dir_entry(struct super_block *sb, CHAIN_T *p_dir, s32 entry, u32 type, u32 start_clu, u64 size);
           ^
../fs/exfat/exfat_core.h:608:12: warning: unused function 'fat_init_ext_dir_entry' [-Wunused-function]
static s32 fat_init_ext_dir_entry(struct super_block *sb, CHAIN_T *p_dir, s32 entry, s32 num_entries, UNI_NAME_T *p_uniname, DOS_NAME_T *p_dosname);
           ^
../fs/exfat/exfat_core.h:609:12: warning: unused function 'exfat_init_ext_dir_entry' [-Wunused-function]
static s32 exfat_init_ext_dir_entry(struct super_block *sb, CHAIN_T *p_dir, s32 entry, s32 num_entries, UNI_NAME_T *p_uniname, DOS_NAME_T *p_dosname);
           ^
../fs/exfat/exfat_core.h:610:13: warning: unused function 'init_dos_entry' [-Wunused-function]
static void init_dos_entry(DOS_DENTRY_T *ep, u32 type, u32 start_clu);
            ^
../fs/exfat/exfat_core.h:611:13: warning: unused function 'init_ext_entry' [-Wunused-function]
static void init_ext_entry(EXT_DENTRY_T *ep, s32 order, u8 chksum, u16 *uniname);
            ^
../fs/exfat/exfat_core.h:612:13: warning: unused function 'init_file_entry' [-Wunused-function]
static void init_file_entry(FILE_DENTRY_T *ep, u32 type);
            ^
../fs/exfat/exfat_core.h:613:13: warning: unused function 'init_strm_entry' [-Wunused-function]
static void init_strm_entry(STRM_DENTRY_T *ep, u8 flags, u32 start_clu, u64 size);
            ^
../fs/exfat/exfat_core.h:614:13: warning: unused function 'init_name_entry' [-Wunused-function]
static void init_name_entry(NAME_DENTRY_T *ep, u16 *uniname);
            ^
../fs/exfat/exfat_core.h:615:13: warning: unused function 'fat_delete_dir_entry' [-Wunused-function]
static void fat_delete_dir_entry(struct super_block *sb, CHAIN_T *p_dir, s32 entry, s32 order, s32 num_entries);
            ^
../fs/exfat/exfat_core.h:616:13: warning: unused function 'exfat_delete_dir_entry' [-Wunused-function]
static void exfat_delete_dir_entry(struct super_block *sb, CHAIN_T *p_dir, s32 entry, s32 order, s32 num_entries);
            ^
../fs/exfat/exfat_core.h:618:12: warning: unused function 'find_location' [-Wunused-function]
static s32 find_location(struct super_block *sb, CHAIN_T *p_dir, s32 entry, u32 *sector, s32 *offset);
           ^
../fs/exfat/exfat_core.h:622:13: warning: unused function 'release_entry_set' [-Wunused-function]
static void release_entry_set(ENTRY_SET_CACHE_T *es);
            ^
../fs/exfat/exfat_core.h:623:12: warning: unused function 'write_whole_entry_set' [-Wunused-function]
static s32 write_whole_entry_set(struct super_block *sb, ENTRY_SET_CACHE_T *es);
           ^
../fs/exfat/exfat_core.h:624:12: warning: unused function 'write_partial_entries_in_entry_set' [-Wunused-function]
static s32 write_partial_entries_in_entry_set(struct super_block *sb, ENTRY_SET_CACHE_T *es, DENTRY_T *ep, u32 count);
           ^
../fs/exfat/exfat_core.h:625:12: warning: unused function 'search_deleted_or_unused_entry' [-Wunused-function]
static s32 search_deleted_or_unused_entry(struct super_block *sb, CHAIN_T *p_dir, s32 num_entries);
           ^
../fs/exfat/exfat_core.h:626:12: warning: unused function 'find_empty_entry' [-Wunused-function]
static s32 find_empty_entry(struct inode *inode, CHAIN_T *p_dir, s32 num_entries);
           ^
../fs/exfat/exfat_core.h:627:12: warning: unused function 'fat_find_dir_entry' [-Wunused-function]
static s32 fat_find_dir_entry(struct super_block *sb, CHAIN_T *p_dir, UNI_NAME_T *p_uniname, s32 num_entries, DOS_NAME_T *p_dosname, u32 type);
           ^
../fs/exfat/exfat_core.h:628:12: warning: unused function 'exfat_find_dir_entry' [-Wunused-function]
static s32 exfat_find_dir_entry(struct super_block *sb, CHAIN_T *p_dir, UNI_NAME_T *p_uniname, s32 num_entries, DOS_NAME_T *p_dosname, u32 type);
           ^
../fs/exfat/exfat_core.h:629:12: warning: unused function 'fat_count_ext_entries' [-Wunused-function]
static s32 fat_count_ext_entries(struct super_block *sb, CHAIN_T *p_dir, s32 entry, DENTRY_T *p_entry);
           ^
../fs/exfat/exfat_core.h:630:12: warning: unused function 'exfat_count_ext_entries' [-Wunused-function]
static s32 exfat_count_ext_entries(struct super_block *sb, CHAIN_T *p_dir, s32 entry, DENTRY_T *p_entry);
           ^
../fs/exfat/exfat_core.h:631:12: warning: unused function 'count_dos_name_entries' [-Wunused-function]
static s32 count_dos_name_entries(struct super_block *sb, CHAIN_T *p_dir, u32 type);
           ^
../fs/exfat/exfat_core.h:632:13: warning: unused function 'update_dir_checksum' [-Wunused-function]
static void update_dir_checksum(struct super_block *sb, CHAIN_T *p_dir, s32 entry);
            ^
../fs/exfat/exfat_core.h:633:13: warning: unused function 'update_dir_checksum_with_entry_set' [-Wunused-function]
static void update_dir_checksum_with_entry_set(struct super_block *sb, ENTRY_SET_CACHE_T *es);
            ^
../fs/exfat/exfat_core.h:634:13: warning: unused function 'is_dir_empty' [-Wunused-function]
static bool is_dir_empty(struct super_block *sb, CHAIN_T *p_dir);
            ^
../fs/exfat/exfat_core.h:637:12: warning: unused function 'get_num_entries_and_dos_name' [-Wunused-function]
static s32 get_num_entries_and_dos_name(struct super_block *sb, CHAIN_T *p_dir, UNI_NAME_T *p_uniname, s32 *entries, DOS_NAME_T *p_dosname);
           ^
../fs/exfat/exfat_core.h:638:13: warning: unused function 'get_uni_name_from_dos_entry' [-Wunused-function]
static void get_uni_name_from_dos_entry(struct super_block *sb, DOS_DENTRY_T *ep, UNI_NAME_T *p_uniname, u8 mode);
            ^
../fs/exfat/exfat_core.h:639:13: warning: unused function 'fat_get_uni_name_from_ext_entry' [-Wunused-function]
static void fat_get_uni_name_from_ext_entry(struct super_block *sb, CHAIN_T *p_dir, s32 entry, u16 *uniname);
            ^
../fs/exfat/exfat_core.h:640:13: warning: unused function 'exfat_get_uni_name_from_ext_entry' [-Wunused-function]
static void exfat_get_uni_name_from_ext_entry(struct super_block *sb, CHAIN_T *p_dir, s32 entry, u16 *uniname);
            ^
../fs/exfat/exfat_core.h:641:12: warning: unused function 'extract_uni_name_from_ext_entry' [-Wunused-function]
static s32 extract_uni_name_from_ext_entry(EXT_DENTRY_T *ep, u16 *uniname, s32 order);
           ^
../fs/exfat/exfat_core.h:642:12: warning: unused function 'extract_uni_name_from_name_entry' [-Wunused-function]
static s32 extract_uni_name_from_name_entry(NAME_DENTRY_T *ep, u16 *uniname, s32 order);
           ^
../fs/exfat/exfat_core.h:643:12: warning: unused function 'fat_generate_dos_name' [-Wunused-function]
static s32 fat_generate_dos_name(struct super_block *sb, CHAIN_T *p_dir, DOS_NAME_T *p_dosname);
           ^
../fs/exfat/exfat_core.h:644:13: warning: unused function 'fat_attach_count_to_dos_name' [-Wunused-function]
static void fat_attach_count_to_dos_name(u8 *dosname, s32 count);
            ^
../fs/exfat/exfat_core.h:645:12: warning: unused function 'fat_calc_num_entries' [-Wunused-function]
static s32 fat_calc_num_entries(UNI_NAME_T *p_uniname);
           ^
../fs/exfat/exfat_core.h:646:12: warning: unused function 'exfat_calc_num_entries' [-Wunused-function]
static s32 exfat_calc_num_entries(UNI_NAME_T *p_uniname);
           ^
../fs/exfat/exfat_core.h:649:12: warning: unused function 'calc_checksum_4byte' [-Wunused-function]
static u32 calc_checksum_4byte(void *data, s32 len, u32 chksum, s32 type);
           ^
../fs/exfat/exfat_core.h:652:12: warning: unused function 'resolve_path' [-Wunused-function]
static s32 resolve_path(struct inode *inode, char *path, CHAIN_T *p_dir, UNI_NAME_T *p_uniname);
           ^
../fs/exfat/exfat_core.h:653:12: warning: unused function 'resolve_name' [-Wunused-function]
static s32 resolve_name(u8 *name, u8 **arg);
           ^
../fs/exfat/exfat_core.h:656:12: warning: unused function 'fat16_mount' [-Wunused-function]
static s32 fat16_mount(struct super_block *sb, PBR_SECTOR_T *p_pbr);
           ^
../fs/exfat/exfat_core.h:657:12: warning: unused function 'fat32_mount' [-Wunused-function]
static s32 fat32_mount(struct super_block *sb, PBR_SECTOR_T *p_pbr);
           ^
../fs/exfat/exfat_core.h:658:12: warning: unused function 'exfat_mount' [-Wunused-function]
static s32 exfat_mount(struct super_block *sb, PBR_SECTOR_T *p_pbr);
           ^
../fs/exfat/exfat_core.h:659:12: warning: unused function 'create_dir' [-Wunused-function]
static s32 create_dir(struct inode *inode, CHAIN_T *p_dir, UNI_NAME_T *p_uniname, FILE_ID_T *fid);
           ^
../fs/exfat/exfat_core.h:660:12: warning: unused function 'create_file' [-Wunused-function]
static s32 create_file(struct inode *inode, CHAIN_T *p_dir, UNI_NAME_T *p_uniname, u8 mode, FILE_ID_T *fid);
           ^
../fs/exfat/exfat_core.h:661:13: warning: unused function 'remove_file' [-Wunused-function]
static void remove_file(struct inode *inode, CHAIN_T *p_dir, s32 entry);
            ^
../fs/exfat/exfat_core.h:662:12: warning: unused function 'rename_file' [-Wunused-function]
static s32 rename_file(struct inode *inode, CHAIN_T *p_dir, s32 old_entry, UNI_NAME_T *p_uniname, FILE_ID_T *fid);
           ^
../fs/exfat/exfat_core.h:663:12: warning: unused function 'move_file' [-Wunused-function]
static s32 move_file(struct inode *inode, CHAIN_T *p_olddir, s32 oldentry, CHAIN_T *p_newdir, UNI_NAME_T *p_uniname, FILE_ID_T *fid);
           ^
../fs/exfat/exfat_core.h:666:12: warning: unused function 'sector_read' [-Wunused-function]
static s32 sector_read(struct super_block *sb, u32 sec, struct buffer_head **bh, s32 read);
           ^
../fs/exfat/exfat_core.h:667:12: warning: unused function 'sector_write' [-Wunused-function]
static s32 sector_write(struct super_block *sb, u32 sec, struct buffer_head *bh, s32 sync);
           ^
../fs/exfat/exfat_core.h:668:12: warning: unused function 'multi_sector_read' [-Wunused-function]
static s32 multi_sector_read(struct super_block *sb, u32 sec, struct buffer_head **bh, s32 num_secs, s32 read);
           ^
../fs/exfat/exfat_core.h:669:12: warning: unused function 'multi_sector_write' [-Wunused-function]
static s32 multi_sector_write(struct super_block *sb, u32 sec, struct buffer_head *bh, s32 num_secs, s32 sync);
           ^
117 warnings generated.
  CC      kernel/irq/proc.o
  CC      fs/exfat/exfat_blkdev.o
  CC      mm/frame_vector.o
  CC      kernel/irq/cpuhotplug.o
../fs/exfat/exfat_blkdev.c:59:12: warning: unused function 'bdev_init' [-Wunused-function]
static s32 bdev_init(void)
           ^
../fs/exfat/exfat_blkdev.c:64:12: warning: unused function 'bdev_shutdown' [-Wunused-function]
static s32 bdev_shutdown(void)
           ^
../fs/exfat/exfat_blkdev.c:69:12: warning: unused function 'bdev_open' [-Wunused-function]
static s32 bdev_open(struct super_block *sb)
           ^
../fs/exfat/exfat_blkdev.c:86:12: warning: unused function 'bdev_close' [-Wunused-function]
static s32 bdev_close(struct super_block *sb)
           ^
../fs/exfat/exfat_blkdev.c:97:12: warning: unused function 'bdev_read' [-Wunused-function]
static s32 bdev_read(struct super_block *sb, u32 secno, struct buffer_head **bh, u32 num_secs, s32 read)
           ^
../fs/exfat/exfat_blkdev.c:129:12: warning: unused function 'bdev_write' [-Wunused-function]
static s32 bdev_write(struct super_block *sb, u32 secno, struct buffer_head *bh, u32 num_secs, s32 sync)
           ^
../fs/exfat/exfat_blkdev.c:182:12: warning: unused function 'bdev_sync' [-Wunused-function]
static s32 bdev_sync(struct super_block *sb)
           ^
In file included from ../fs/exfat/exfat_blkdev.c:41:
In file included from ../fs/exfat/exfat_super.h:33:
../fs/exfat/exfat_oal.h:68:12: warning: unused function 'sm_init' [-Wunused-function]
static s32 sm_init(struct semaphore *sm);
           ^
In file included from ../fs/exfat/exfat_blkdev.c:41:
In file included from ../fs/exfat/exfat_super.h:36:
../fs/exfat/exfat_cache.h:69:12: warning: unused function 'buf_init' [-Wunused-function]
static s32 buf_init(struct super_block *sb);
           ^
../fs/exfat/exfat_cache.h:70:12: warning: unused function 'buf_shutdown' [-Wunused-function]
static s32 buf_shutdown(struct super_block *sb);
           ^
../fs/exfat/exfat_cache.h:78:13: warning: unused function 'buf_modify' [-Wunused-function]
static void buf_modify(struct super_block *sb, u32 sec);
            ^
../fs/exfat/exfat_cache.h:79:13: warning: unused function 'buf_lock' [-Wunused-function]
static void buf_lock(struct super_block *sb, u32 sec);
            ^
../fs/exfat/exfat_cache.h:80:13: warning: unused function 'buf_unlock' [-Wunused-function]
static void buf_unlock(struct super_block *sb, u32 sec);
            ^
../fs/exfat/exfat_cache.h:81:13: warning: unused function 'buf_release' [-Wunused-function]
static void buf_release(struct super_block *sb, u32 sec);
            ^
../fs/exfat/exfat_cache.h:82:13: warning: unused function 'buf_release_all' [-Wunused-function]
static void buf_release_all(struct super_block *sb);
            ^
../fs/exfat/exfat_cache.h:83:13: warning: unused function 'buf_sync' [-Wunused-function]
static void buf_sync(struct super_block *sb);
            ^
In file included from ../fs/exfat/exfat_blkdev.c:41:
In file included from ../fs/exfat/exfat_super.h:37:
../fs/exfat/exfat_nls.h:84:12: warning: unused function 'nls_dosname_cmp' [-Wunused-function]
static s32 nls_dosname_cmp(struct super_block *sb, u8 *a, u8 *b);
           ^
../fs/exfat/exfat_nls.h:85:12: warning: unused function 'nls_uniname_cmp' [-Wunused-function]
static s32 nls_uniname_cmp(struct super_block *sb, u16 *a, u16 *b);
           ^
../fs/exfat/exfat_nls.h:86:13: warning: unused function 'nls_uniname_to_dosname' [-Wunused-function]
static void nls_uniname_to_dosname(struct super_block *sb, DOS_NAME_T *p_dosname, UNI_NAME_T *p_uniname, s32 *p_lossy);
            ^
../fs/exfat/exfat_nls.h:87:13: warning: unused function 'nls_dosname_to_uniname' [-Wunused-function]
static void nls_dosname_to_uniname(struct super_block *sb, UNI_NAME_T *p_uniname, DOS_NAME_T *p_dosname);
            ^
../fs/exfat/exfat_nls.h:88:13: warning: unused function 'nls_uniname_to_cstring' [-Wunused-function]
static void nls_uniname_to_cstring(struct super_block *sb, u8 *p_cstring, UNI_NAME_T *p_uniname);
            ^
../fs/exfat/exfat_nls.h:89:13: warning: unused function 'nls_cstring_to_uniname' [-Wunused-function]
static void nls_cstring_to_uniname(struct super_block *sb, UNI_NAME_T *p_uniname, u8 *p_cstring, s32 *p_lossy);
            ^
In file included from ../fs/exfat/exfat_blkdev.c:41:
In file included from ../fs/exfat/exfat_super.h:39:
../fs/exfat/exfat_core.h:551:12: warning: unused function 'fs_init' [-Wunused-function]
static s32 fs_init(void);
           ^
../fs/exfat/exfat_core.h:552:12: warning: unused function 'fs_shutdown' [-Wunused-function]
static s32 fs_shutdown(void);
           ^
../fs/exfat/exfat_core.h:553:13: warning: unused function 'fs_set_vol_flags' [-Wunused-function]
static void fs_set_vol_flags(struct super_block *sb, u32 new_flag);
            ^
../fs/exfat/exfat_core.h:554:13: warning: unused function 'fs_sync' [-Wunused-function]
static void fs_sync(struct super_block *sb, s32 do_sync);
            ^
../fs/exfat/exfat_core.h:555:13: warning: unused function 'fs_error' [-Wunused-function]
static void fs_error(struct super_block *sb);
            ^
../fs/exfat/exfat_core.h:558:12: warning: unused function 'clear_cluster' [-Wunused-function]
static s32 clear_cluster(struct super_block *sb, u32 clu);
           ^
../fs/exfat/exfat_core.h:559:12: warning: unused function 'fat_alloc_cluster' [-Wunused-function]
static s32 fat_alloc_cluster(struct super_block *sb, s32 num_alloc, CHAIN_T *p_chain);
           ^
../fs/exfat/exfat_core.h:560:12: warning: unused function 'exfat_alloc_cluster' [-Wunused-function]
static s32 exfat_alloc_cluster(struct super_block *sb, s32 num_alloc, CHAIN_T *p_chain);
           ^
../fs/exfat/exfat_core.h:561:13: warning: unused function 'fat_free_cluster' [-Wunused-function]
static void fat_free_cluster(struct super_block *sb, CHAIN_T *p_chain, s32 do_relse);
            ^
../fs/exfat/exfat_core.h:562:13: warning: unused function 'exfat_free_cluster' [-Wunused-function]
static void exfat_free_cluster(struct super_block *sb, CHAIN_T *p_chain, s32 do_relse);
            ^
../fs/exfat/exfat_core.h:563:12: warning: unused function 'find_last_cluster' [-Wunused-function]
static u32 find_last_cluster(struct super_block *sb, CHAIN_T *p_chain);
           ^
../fs/exfat/exfat_core.h:564:12: warning: unused function 'count_num_clusters' [-Wunused-function]
static s32 count_num_clusters(struct super_block *sb, CHAIN_T *dir);
           ^
../fs/exfat/exfat_core.h:565:12: warning: unused function 'fat_count_used_clusters' [-Wunused-function]
static s32 fat_count_used_clusters(struct super_block *sb);
           ^
../fs/exfat/exfat_core.h:566:12: warning: unused function 'exfat_count_used_clusters' [-Wunused-function]
static s32 exfat_count_used_clusters(struct super_block *sb);
           ^
../fs/exfat/exfat_core.h:567:13: warning: unused function 'exfat_chain_cont_cluster' [-Wunused-function]
static void exfat_chain_cont_cluster(struct super_block *sb, u32 chain, s32 len);
            ^
../fs/exfat/exfat_core.h:570:12: warning: unused function 'load_alloc_bitmap' [-Wunused-function]
static s32 load_alloc_bitmap(struct super_block *sb);
           ^
../fs/exfat/exfat_core.h:571:13: warning: unused function 'free_alloc_bitmap' [-Wunused-function]
static void free_alloc_bitmap(struct super_block *sb);
            ^
../fs/exfat/exfat_core.h:572:12: warning: unused function 'set_alloc_bitmap' [-Wunused-function]
static s32 set_alloc_bitmap(struct super_block *sb, u32 clu);
           ^
../fs/exfat/exfat_core.h:573:12: warning: unused function 'clr_alloc_bitmap' [-Wunused-function]
static s32 clr_alloc_bitmap(struct super_block *sb, u32 clu);
           ^
../fs/exfat/exfat_core.h:574:12: warning: unused function 'test_alloc_bitmap' [-Wunused-function]
static u32 test_alloc_bitmap(struct super_block *sb, u32 clu);
           ^
../fs/exfat/exfat_core.h:575:13: warning: unused function 'sync_alloc_bitmap' [-Wunused-function]
static void sync_alloc_bitmap(struct super_block *sb);
            ^
../fs/exfat/exfat_core.h:578:12: warning: unused function 'load_upcase_table' [-Wunused-function]
static s32 load_upcase_table(struct super_block *sb);
           ^
../fs/exfat/exfat_core.h:579:13: warning: unused function 'free_upcase_table' [-Wunused-function]
static void free_upcase_table(struct super_block *sb);
            ^
../fs/exfat/exfat_core.h:582:12: warning: unused function 'fat_get_entry_type' [-Wunused-function]
static u32 fat_get_entry_type(DENTRY_T *p_entry);
           ^
../fs/exfat/exfat_core.h:583:12: warning: unused function 'exfat_get_entry_type' [-Wunused-function]
static u32 exfat_get_entry_type(DENTRY_T *p_entry);
           ^
../fs/exfat/exfat_core.h:584:13: warning: unused function 'fat_set_entry_type' [-Wunused-function]
static void fat_set_entry_type(DENTRY_T *p_entry, u32 type);
            ^
../fs/exfat/exfat_core.h:585:13: warning: unused function 'exfat_set_entry_type' [-Wunused-function]
static void exfat_set_entry_type(DENTRY_T *p_entry, u32 type);
            ^
../fs/exfat/exfat_core.h:586:12: warning: unused function 'fat_get_entry_attr' [-Wunused-function]
static u32 fat_get_entry_attr(DENTRY_T *p_entry);
           ^
../fs/exfat/exfat_core.h:587:12: warning: unused function 'exfat_get_entry_attr' [-Wunused-function]
static u32 exfat_get_entry_attr(DENTRY_T *p_entry);
           ^
../fs/exfat/exfat_core.h:588:13: warning: unused function 'fat_set_entry_attr' [-Wunused-function]
static void fat_set_entry_attr(DENTRY_T *p_entry, u32 attr);
            ^
../fs/exfat/exfat_core.h:589:13: warning: unused function 'exfat_set_entry_attr' [-Wunused-function]
static void exfat_set_entry_attr(DENTRY_T *p_entry, u32 attr);
            ^
../fs/exfat/exfat_core.h:592:13: warning: unused function 'fat_set_entry_flag' [-Wunused-function]
static void fat_set_entry_flag(DENTRY_T *p_entry, u8 flag);
            ^
../fs/exfat/exfat_core.h:593:13: warning: unused function 'exfat_set_entry_flag' [-Wunused-function]
static void exfat_set_entry_flag(DENTRY_T *p_entry, u8 flag);
            ^
../fs/exfat/exfat_core.h:594:12: warning: unused function 'fat_get_entry_clu0' [-Wunused-function]
static u32 fat_get_entry_clu0(DENTRY_T *p_entry);
           ^
../fs/exfat/exfat_core.h:595:12: warning: unused function 'exfat_get_entry_clu0' [-Wunused-function]
static u32 exfat_get_entry_clu0(DENTRY_T *p_entry);
           ^
../fs/exfat/exfat_core.h:596:13: warning: unused function 'fat_set_entry_clu0' [-Wunused-function]
static void fat_set_entry_clu0(DENTRY_T *p_entry, u32 start_clu);
            ^
../fs/exfat/exfat_core.h:597:13: warning: unused function 'exfat_set_entry_clu0' [-Wunused-function]
static void exfat_set_entry_clu0(DENTRY_T *p_entry, u32 start_clu);
            ^
../fs/exfat/exfat_core.h:598:12: warning: unused function 'fat_get_entry_size' [-Wunused-function]
static u64 fat_get_entry_size(DENTRY_T *p_entry);
           ^
../fs/exfat/exfat_core.h:599:12: warning: unused function 'exfat_get_entry_size' [-Wunused-function]
static u64 exfat_get_entry_size(DENTRY_T *p_entry);
           ^
../fs/exfat/exfat_core.h:600:13: warning: unused function 'fat_set_entry_size' [-Wunused-function]
static void fat_set_entry_size(DENTRY_T *p_entry, u64 size);
            ^
../fs/exfat/exfat_core.h:601:13: warning: unused function 'exfat_set_entry_size' [-Wunused-function]
static void exfat_set_entry_size(DENTRY_T *p_entry, u64 size);
            ^
../fs/exfat/exfat_core.h:602:13: warning: unused function 'fat_get_entry_time' [-Wunused-function]
static void fat_get_entry_time(DENTRY_T *p_entry, TIMESTAMP_T *tp, u8 mode);
            ^
../fs/exfat/exfat_core.h:603:13: warning: unused function 'exfat_get_entry_time' [-Wunused-function]
static void exfat_get_entry_time(DENTRY_T *p_entry, TIMESTAMP_T *tp, u8 mode);
            ^
../fs/exfat/exfat_core.h:604:13: warning: unused function 'fat_set_entry_time' [-Wunused-function]
static void fat_set_entry_time(DENTRY_T *p_entry, TIMESTAMP_T *tp, u8 mode);
            ^
../fs/exfat/exfat_core.h:605:13: warning: unused function 'exfat_set_entry_time' [-Wunused-function]
static void exfat_set_entry_time(DENTRY_T *p_entry, TIMESTAMP_T *tp, u8 mode);
            ^
../fs/exfat/exfat_core.h:606:12: warning: unused function 'fat_init_dir_entry' [-Wunused-function]
static s32 fat_init_dir_entry(struct super_block *sb, CHAIN_T *p_dir, s32 entry, u32 type, u32 start_clu, u64 size);
           ^
../fs/exfat/exfat_core.h:607:12: warning: unused function 'exfat_init_dir_entry' [-Wunused-function]
static s32 exfat_init_dir_entry(struct super_block *sb, CHAIN_T *p_dir, s32 entry, u32 type, u32 start_clu, u64 size);
           ^
../fs/exfat/exfat_core.h:608:12: warning: unused function 'fat_init_ext_dir_entry' [-Wunused-function]
static s32 fat_init_ext_dir_entry(struct super_block *sb, CHAIN_T *p_dir, s32 entry, s32 num_entries, UNI_NAME_T *p_uniname, DOS_NAME_T *p_dosname);
           ^
../fs/exfat/exfat_core.h:609:12: warning: unused function 'exfat_init_ext_dir_entry' [-Wunused-function]
static s32 exfat_init_ext_dir_entry(struct super_block *sb, CHAIN_T *p_dir, s32 entry, s32 num_entries, UNI_NAME_T *p_uniname, DOS_NAME_T *p_dosname);
           ^
../fs/exfat/exfat_core.h:610:13: warning: unused function 'init_dos_entry' [-Wunused-function]
static void init_dos_entry(DOS_DENTRY_T *ep, u32 type, u32 start_clu);
            ^
../fs/exfat/exfat_core.h:611:13: warning: unused function 'init_ext_entry' [-Wunused-function]
static void init_ext_entry(EXT_DENTRY_T *ep, s32 order, u8 chksum, u16 *uniname);
            ^
../fs/exfat/exfat_core.h:612:13: warning: unused function 'init_file_entry' [-Wunused-function]
static void init_file_entry(FILE_DENTRY_T *ep, u32 type);
            ^
../fs/exfat/exfat_core.h:613:13: warning: unused function 'init_strm_entry' [-Wunused-function]
static void init_strm_entry(STRM_DENTRY_T *ep, u8 flags, u32 start_clu, u64 size);
            ^
../fs/exfat/exfat_core.h:614:13: warning: unused function 'init_name_entry' [-Wunused-function]
static void init_name_entry(NAME_DENTRY_T *ep, u16 *uniname);
            ^
../fs/exfat/exfat_core.h:615:13: warning: unused function 'fat_delete_dir_entry' [-Wunused-function]
static void fat_delete_dir_entry(struct super_block *sb, CHAIN_T *p_dir, s32 entry, s32 order, s32 num_entries);
            ^
../fs/exfat/exfat_core.h:616:13: warning: unused function 'exfat_delete_dir_entry' [-Wunused-function]
static void exfat_delete_dir_entry(struct super_block *sb, CHAIN_T *p_dir, s32 entry, s32 order, s32 num_entries);
            ^
../fs/exfat/exfat_core.h:618:12: warning: unused function 'find_location' [-Wunused-function]
static s32 find_location(struct super_block *sb, CHAIN_T *p_dir, s32 entry, u32 *sector, s32 *offset);
           ^
../fs/exfat/exfat_core.h:622:13: warning: unused function 'release_entry_set' [-Wunused-function]
static void release_entry_set(ENTRY_SET_CACHE_T *es);
            ^
../fs/exfat/exfat_core.h:623:12: warning: unused function 'write_whole_entry_set' [-Wunused-function]
static s32 write_whole_entry_set(struct super_block *sb, ENTRY_SET_CACHE_T *es);
           ^
../fs/exfat/exfat_core.h:624:12: warning: unused function 'write_partial_entries_in_entry_set' [-Wunused-function]
static s32 write_partial_entries_in_entry_set(struct super_block *sb, ENTRY_SET_CACHE_T *es, DENTRY_T *ep, u32 count);
           ^
../fs/exfat/exfat_core.h:625:12: warning: unused function 'search_deleted_or_unused_entry' [-Wunused-function]
static s32 search_deleted_or_unused_entry(struct super_block *sb, CHAIN_T *p_dir, s32 num_entries);
           ^
../fs/exfat/exfat_core.h:626:12: warning: unused function 'find_empty_entry' [-Wunused-function]
static s32 find_empty_entry(struct inode *inode, CHAIN_T *p_dir, s32 num_entries);
           ^
../fs/exfat/exfat_core.h:627:12: warning: unused function 'fat_find_dir_entry' [-Wunused-function]
static s32 fat_find_dir_entry(struct super_block *sb, CHAIN_T *p_dir, UNI_NAME_T *p_uniname, s32 num_entries, DOS_NAME_T *p_dosname, u32 type);
           ^
../fs/exfat/exfat_core.h:628:12: warning: unused function 'exfat_find_dir_entry' [-Wunused-function]
static s32 exfat_find_dir_entry(struct super_block *sb, CHAIN_T *p_dir, UNI_NAME_T *p_uniname, s32 num_entries, DOS_NAME_T *p_dosname, u32 type);
           ^
../fs/exfat/exfat_core.h:629:12: warning: unused function 'fat_count_ext_entries' [-Wunused-function]
static s32 fat_count_ext_entries(struct super_block *sb, CHAIN_T *p_dir, s32 entry, DENTRY_T *p_entry);
           ^
../fs/exfat/exfat_core.h:630:12: warning: unused function 'exfat_count_ext_entries' [-Wunused-function]
static s32 exfat_count_ext_entries(struct super_block *sb, CHAIN_T *p_dir, s32 entry, DENTRY_T *p_entry);
           ^
../fs/exfat/exfat_core.h:631:12: warning: unused function 'count_dos_name_entries' [-Wunused-function]
static s32 count_dos_name_entries(struct super_block *sb, CHAIN_T *p_dir, u32 type);
           ^
../fs/exfat/exfat_core.h:632:13: warning: unused function 'update_dir_checksum' [-Wunused-function]
static void update_dir_checksum(struct super_block *sb, CHAIN_T *p_dir, s32 entry);
            ^
../fs/exfat/exfat_core.h:633:13: warning: unused function 'update_dir_checksum_with_entry_set' [-Wunused-function]
static void update_dir_checksum_with_entry_set(struct super_block *sb, ENTRY_SET_CACHE_T *es);
            ^
../fs/exfat/exfat_core.h:634:13: warning: unused function 'is_dir_empty' [-Wunused-function]
static bool is_dir_empty(struct super_block *sb, CHAIN_T *p_dir);
            ^
../fs/exfat/exfat_core.h:637:12: warning: unused function 'get_num_entries_and_dos_name' [-Wunused-function]
static s32 get_num_entries_and_dos_name(struct super_block *sb, CHAIN_T *p_dir, UNI_NAME_T *p_uniname, s32 *entries, DOS_NAME_T *p_dosname);
           ^
../fs/exfat/exfat_core.h:638:13: warning: unused function 'get_uni_name_from_dos_entry' [-Wunused-function]
static void get_uni_name_from_dos_entry(struct super_block *sb, DOS_DENTRY_T *ep, UNI_NAME_T *p_uniname, u8 mode);
            ^
../fs/exfat/exfat_core.h:639:13: warning: unused function 'fat_get_uni_name_from_ext_entry' [-Wunused-function]
static void fat_get_uni_name_from_ext_entry(struct super_block *sb, CHAIN_T *p_dir, s32 entry, u16 *uniname);
            ^
../fs/exfat/exfat_core.h:640:13: warning: unused function 'exfat_get_uni_name_from_ext_entry' [-Wunused-function]
static void exfat_get_uni_name_from_ext_entry(struct super_block *sb, CHAIN_T *p_dir, s32 entry, u16 *uniname);
            ^
../fs/exfat/exfat_core.h:641:12: warning: unused function 'extract_uni_name_from_ext_entry' [-Wunused-function]
static s32 extract_uni_name_from_ext_entry(EXT_DENTRY_T *ep, u16 *uniname, s32 order);
           ^
../fs/exfat/exfat_core.h:642:12: warning: unused function 'extract_uni_name_from_name_entry' [-Wunused-function]
static s32 extract_uni_name_from_name_entry(NAME_DENTRY_T *ep, u16 *uniname, s32 order);
           ^
../fs/exfat/exfat_core.h:643:12: warning: unused function 'fat_generate_dos_name' [-Wunused-function]
static s32 fat_generate_dos_name(struct super_block *sb, CHAIN_T *p_dir, DOS_NAME_T *p_dosname);
           ^
../fs/exfat/exfat_core.h:644:13: warning: unused function 'fat_attach_count_to_dos_name' [-Wunused-function]
static void fat_attach_count_to_dos_name(u8 *dosname, s32 count);
            ^
../fs/exfat/exfat_core.h:645:12: warning: unused function 'fat_calc_num_entries' [-Wunused-function]
static s32 fat_calc_num_entries(UNI_NAME_T *p_uniname);
           ^
../fs/exfat/exfat_core.h:646:12: warning: unused function 'exfat_calc_num_entries' [-Wunused-function]
static s32 exfat_calc_num_entries(UNI_NAME_T *p_uniname);
           ^
../fs/exfat/exfat_core.h:649:12: warning: unused function 'calc_checksum_4byte' [-Wunused-function]
static u32 calc_checksum_4byte(void *data, s32 len, u32 chksum, s32 type);
           ^
../fs/exfat/exfat_core.h:652:12: warning: unused function 'resolve_path' [-Wunused-function]
static s32 resolve_path(struct inode *inode, char *path, CHAIN_T *p_dir, UNI_NAME_T *p_uniname);
           ^
../fs/exfat/exfat_core.h:653:12: warning: unused function 'resolve_name' [-Wunused-function]
static s32 resolve_name(u8 *name, u8 **arg);
           ^
../fs/exfat/exfat_core.h:656:12: warning: unused function 'fat16_mount' [-Wunused-function]
static s32 fat16_mount(struct super_block *sb, PBR_SECTOR_T *p_pbr);
           ^
../fs/exfat/exfat_core.h:657:12: warning: unused function 'fat32_mount' [-Wunused-function]
static s32 fat32_mount(struct super_block *sb, PBR_SECTOR_T *p_pbr);
           ^
../fs/exfat/exfat_core.h:658:12: warning: unused function 'exfat_mount' [-Wunused-function]
static s32 exfat_mount(struct super_block *sb, PBR_SECTOR_T *p_pbr);
           ^
../fs/exfat/exfat_core.h:659:12: warning: unused function 'create_dir' [-Wunused-function]
static s32 create_dir(struct inode *inode, CHAIN_T *p_dir, UNI_NAME_T *p_uniname, FILE_ID_T *fid);
           ^
../fs/exfat/exfat_core.h:660:12: warning: unused function 'create_file' [-Wunused-function]
static s32 create_file(struct inode *inode, CHAIN_T *p_dir, UNI_NAME_T *p_uniname, u8 mode, FILE_ID_T *fid);
           ^
../fs/exfat/exfat_core.h:661:13: warning: unused function 'remove_file' [-Wunused-function]
static void remove_file(struct inode *inode, CHAIN_T *p_dir, s32 entry);
            ^
../fs/exfat/exfat_core.h:662:12: warning: unused function 'rename_file' [-Wunused-function]
static s32 rename_file(struct inode *inode, CHAIN_T *p_dir, s32 old_entry, UNI_NAME_T *p_uniname, FILE_ID_T *fid);
           ^
../fs/exfat/exfat_core.h:663:12: warning: unused function 'move_file' [-Wunused-function]
static s32 move_file(struct inode *inode, CHAIN_T *p_olddir, s32 oldentry, CHAIN_T *p_newdir, UNI_NAME_T *p_uniname, FILE_ID_T *fid);
           ^
../fs/exfat/exfat_core.h:666:12: warning: unused function 'sector_read' [-Wunused-function]
static s32 sector_read(struct super_block *sb, u32 sec, struct buffer_head **bh, s32 read);
           ^
../fs/exfat/exfat_core.h:667:12: warning: unused function 'sector_write' [-Wunused-function]
static s32 sector_write(struct super_block *sb, u32 sec, struct buffer_head *bh, s32 sync);
           ^
../fs/exfat/exfat_core.h:668:12: warning: unused function 'multi_sector_read' [-Wunused-function]
static s32 multi_sector_read(struct super_block *sb, u32 sec, struct buffer_head **bh, s32 num_secs, s32 read);
           ^
../fs/exfat/exfat_core.h:669:12: warning: unused function 'multi_sector_write' [-Wunused-function]
static s32 multi_sector_write(struct super_block *sb, u32 sec, struct buffer_head *bh, s32 num_secs, s32 sync);
           ^
117 warnings generated.
  CC      fs/exfat/exfat_cache.o
  CC      kernel/irq/pm.o
  CC      security/selinux/ss/conditional.o
  CC      mm/usercopy.o
In file included from ../fs/exfat/exfat_cache.c:40:
In file included from ../fs/exfat/exfat_super.h:39:
../fs/exfat/exfat_core.h:666:12: warning: function 'sector_read' has internal linkage but is not defined [-Wundefined-internal]
static s32 sector_read(struct super_block *sb, u32 sec, struct buffer_head **bh, s32 read);
           ^
../fs/exfat/exfat_cache.c:405:6: note: used here
        if (sector_read(sb, sec, &(bp->buf_bh), 1) != FFS_SUCCESS) {
            ^
In file included from ../fs/exfat/exfat_cache.c:40:
In file included from ../fs/exfat/exfat_super.h:39:
../fs/exfat/exfat_core.h:667:12: warning: function 'sector_write' has internal linkage but is not defined [-Wundefined-internal]
static s32 sector_write(struct super_block *sb, u32 sec, struct buffer_head *bh, s32 sync);
           ^
../fs/exfat/exfat_cache.c:425:3: note: used here
                sector_write(sb, sec, bp->buf_bh, 0);
                ^
../fs/exfat/exfat_cache.c:74:12: warning: unused function 'buf_init' [-Wunused-function]
static s32 buf_init(struct super_block *sb)
           ^
../fs/exfat/exfat_cache.c:125:12: warning: unused function 'buf_shutdown' [-Wunused-function]
static s32 buf_shutdown(struct super_block *sb)
           ^
../fs/exfat/exfat_cache.c:581:13: warning: unused function 'buf_modify' [-Wunused-function]
static void buf_modify(struct super_block *sb, u32 sec)
            ^
../fs/exfat/exfat_cache.c:596:13: warning: unused function 'buf_lock' [-Wunused-function]
static void buf_lock(struct super_block *sb, u32 sec)
            ^
../fs/exfat/exfat_cache.c:611:13: warning: unused function 'buf_unlock' [-Wunused-function]
static void buf_unlock(struct super_block *sb, u32 sec)
            ^
../fs/exfat/exfat_cache.c:626:13: warning: unused function 'buf_release' [-Wunused-function]
static void buf_release(struct super_block *sb, u32 sec)
            ^
../fs/exfat/exfat_cache.c:650:13: warning: unused function 'buf_release_all' [-Wunused-function]
static void buf_release_all(struct super_block *sb)
            ^
../fs/exfat/exfat_cache.c:675:13: warning: unused function 'buf_sync' [-Wunused-function]
static void buf_sync(struct super_block *sb)
            ^
In file included from ../fs/exfat/exfat_cache.c:40:
In file included from ../fs/exfat/exfat_super.h:33:
../fs/exfat/exfat_oal.h:68:12: warning: unused function 'sm_init' [-Wunused-function]
static s32 sm_init(struct semaphore *sm);
           ^
In file included from ../fs/exfat/exfat_cache.c:40:
In file included from ../fs/exfat/exfat_super.h:35:
../fs/exfat/exfat_blkdev.h:65:12: warning: unused function 'bdev_init' [-Wunused-function]
static s32 bdev_init(void);
           ^
../fs/exfat/exfat_blkdev.h:66:12: warning: unused function 'bdev_shutdown' [-Wunused-function]
static s32 bdev_shutdown(void);
           ^
../fs/exfat/exfat_blkdev.h:67:12: warning: unused function 'bdev_open' [-Wunused-function]
static s32 bdev_open(struct super_block *sb);
           ^
../fs/exfat/exfat_blkdev.h:68:12: warning: unused function 'bdev_close' [-Wunused-function]
static s32 bdev_close(struct super_block *sb);
           ^
../fs/exfat/exfat_blkdev.h:69:12: warning: unused function 'bdev_read' [-Wunused-function]
static s32 bdev_read(struct super_block *sb, u32 secno, struct buffer_head **bh, u32 num_secs, s32 read);
           ^
../fs/exfat/exfat_blkdev.h:70:12: warning: unused function 'bdev_write' [-Wunused-function]
static s32 bdev_write(struct super_block *sb, u32 secno, struct buffer_head *bh, u32 num_secs, s32 sync);
           ^
../fs/exfat/exfat_blkdev.h:71:12: warning: unused function 'bdev_sync' [-Wunused-function]
static s32 bdev_sync(struct super_block *sb);
           ^
In file included from ../fs/exfat/exfat_cache.c:40:
In file included from ../fs/exfat/exfat_super.h:37:
../fs/exfat/exfat_nls.h:84:12: warning: unused function 'nls_dosname_cmp' [-Wunused-function]
static s32 nls_dosname_cmp(struct super_block *sb, u8 *a, u8 *b);
           ^
../fs/exfat/exfat_nls.h:85:12: warning: unused function 'nls_uniname_cmp' [-Wunused-function]
static s32 nls_uniname_cmp(struct super_block *sb, u16 *a, u16 *b);
           ^
../fs/exfat/exfat_nls.h:86:13: warning: unused function 'nls_uniname_to_dosname' [-Wunused-function]
static void nls_uniname_to_dosname(struct super_block *sb, DOS_NAME_T *p_dosname, UNI_NAME_T *p_uniname, s32 *p_lossy);
            ^
../fs/exfat/exfat_nls.h:87:13: warning: unused function 'nls_dosname_to_uniname' [-Wunused-function]
static void nls_dosname_to_uniname(struct super_block *sb, UNI_NAME_T *p_uniname, DOS_NAME_T *p_dosname);
            ^
../fs/exfat/exfat_nls.h:88:13: warning: unused function 'nls_uniname_to_cstring' [-Wunused-function]
static void nls_uniname_to_cstring(struct super_block *sb, u8 *p_cstring, UNI_NAME_T *p_uniname);
            ^
../fs/exfat/exfat_nls.h:89:13: warning: unused function 'nls_cstring_to_uniname' [-Wunused-function]
static void nls_cstring_to_uniname(struct super_block *sb, UNI_NAME_T *p_uniname, u8 *p_cstring, s32 *p_lossy);
            ^
In file included from ../fs/exfat/exfat_cache.c:40:
In file included from ../fs/exfat/exfat_super.h:39:
../fs/exfat/exfat_core.h:551:12: warning: unused function 'fs_init' [-Wunused-function]
static s32 fs_init(void);
           ^
../fs/exfat/exfat_core.h:552:12: warning: unused function 'fs_shutdown' [-Wunused-function]
static s32 fs_shutdown(void);
           ^
../fs/exfat/exfat_core.h:553:13: warning: unused function 'fs_set_vol_flags' [-Wunused-function]
static void fs_set_vol_flags(struct super_block *sb, u32 new_flag);
            ^
../fs/exfat/exfat_core.h:554:13: warning: unused function 'fs_sync' [-Wunused-function]
static void fs_sync(struct super_block *sb, s32 do_sync);
            ^
../fs/exfat/exfat_core.h:555:13: warning: unused function 'fs_error' [-Wunused-function]
static void fs_error(struct super_block *sb);
            ^
../fs/exfat/exfat_core.h:558:12: warning: unused function 'clear_cluster' [-Wunused-function]
static s32 clear_cluster(struct super_block *sb, u32 clu);
           ^
../fs/exfat/exfat_core.h:559:12: warning: unused function 'fat_alloc_cluster' [-Wunused-function]
static s32 fat_alloc_cluster(struct super_block *sb, s32 num_alloc, CHAIN_T *p_chain);
           ^
../fs/exfat/exfat_core.h:560:12: warning: unused function 'exfat_alloc_cluster' [-Wunused-function]
static s32 exfat_alloc_cluster(struct super_block *sb, s32 num_alloc, CHAIN_T *p_chain);
           ^
../fs/exfat/exfat_core.h:561:13: warning: unused function 'fat_free_cluster' [-Wunused-function]
static void fat_free_cluster(struct super_block *sb, CHAIN_T *p_chain, s32 do_relse);
            ^
../fs/exfat/exfat_core.h:562:13: warning: unused function 'exfat_free_cluster' [-Wunused-function]
static void exfat_free_cluster(struct super_block *sb, CHAIN_T *p_chain, s32 do_relse);
            ^
../fs/exfat/exfat_core.h:563:12: warning: unused function 'find_last_cluster' [-Wunused-function]
static u32 find_last_cluster(struct super_block *sb, CHAIN_T *p_chain);
           ^
../fs/exfat/exfat_core.h:564:12: warning: unused function 'count_num_clusters' [-Wunused-function]
static s32 count_num_clusters(struct super_block *sb, CHAIN_T *dir);
           ^
../fs/exfat/exfat_core.h:565:12: warning: unused function 'fat_count_used_clusters' [-Wunused-function]
static s32 fat_count_used_clusters(struct super_block *sb);
           ^
../fs/exfat/exfat_core.h:566:12: warning: unused function 'exfat_count_used_clusters' [-Wunused-function]
static s32 exfat_count_used_clusters(struct super_block *sb);
           ^
../fs/exfat/exfat_core.h:567:13: warning: unused function 'exfat_chain_cont_cluster' [-Wunused-function]
static void exfat_chain_cont_cluster(struct super_block *sb, u32 chain, s32 len);
            ^
../fs/exfat/exfat_core.h:570:12: warning: unused function 'load_alloc_bitmap' [-Wunused-function]
static s32 load_alloc_bitmap(struct super_block *sb);
           ^
../fs/exfat/exfat_core.h:571:13: warning: unused function 'free_alloc_bitmap' [-Wunused-function]
static void free_alloc_bitmap(struct super_block *sb);
            ^
../fs/exfat/exfat_core.h:572:12: warning: unused function 'set_alloc_bitmap' [-Wunused-function]
static s32 set_alloc_bitmap(struct super_block *sb, u32 clu);
           ^
../fs/exfat/exfat_core.h:573:12: warning: unused function 'clr_alloc_bitmap' [-Wunused-function]
static s32 clr_alloc_bitmap(struct super_block *sb, u32 clu);
           ^
../fs/exfat/exfat_core.h:574:12: warning: unused function 'test_alloc_bitmap' [-Wunused-function]
static u32 test_alloc_bitmap(struct super_block *sb, u32 clu);
           ^
../fs/exfat/exfat_core.h:575:13: warning: unused function 'sync_alloc_bitmap' [-Wunused-function]
static void sync_alloc_bitmap(struct super_block *sb);
            ^
../fs/exfat/exfat_core.h:578:12: warning: unused function 'load_upcase_table' [-Wunused-function]
static s32 load_upcase_table(struct super_block *sb);
           ^
../fs/exfat/exfat_core.h:579:13: warning: unused function 'free_upcase_table' [-Wunused-function]
static void free_upcase_table(struct super_block *sb);
            ^
../fs/exfat/exfat_core.h:582:12: warning: unused function 'fat_get_entry_type' [-Wunused-function]
static u32 fat_get_entry_type(DENTRY_T *p_entry);
           ^
../fs/exfat/exfat_core.h:583:12: warning: unused function 'exfat_get_entry_type' [-Wunused-function]
static u32 exfat_get_entry_type(DENTRY_T *p_entry);
           ^
../fs/exfat/exfat_core.h:584:13: warning: unused function 'fat_set_entry_type' [-Wunused-function]
static void fat_set_entry_type(DENTRY_T *p_entry, u32 type);
            ^
../fs/exfat/exfat_core.h:585:13: warning: unused function 'exfat_set_entry_type' [-Wunused-function]
static void exfat_set_entry_type(DENTRY_T *p_entry, u32 type);
            ^
../fs/exfat/exfat_core.h:586:12: warning: unused function 'fat_get_entry_attr' [-Wunused-function]
static u32 fat_get_entry_attr(DENTRY_T *p_entry);
           ^
../fs/exfat/exfat_core.h:587:12: warning: unused function 'exfat_get_entry_attr' [-Wunused-function]
static u32 exfat_get_entry_attr(DENTRY_T *p_entry);
           ^
../fs/exfat/exfat_core.h:588:13: warning: unused function 'fat_set_entry_attr' [-Wunused-function]
static void fat_set_entry_attr(DENTRY_T *p_entry, u32 attr);
            ^
../fs/exfat/exfat_core.h:589:13: warning: unused function 'exfat_set_entry_attr' [-Wunused-function]
static void exfat_set_entry_attr(DENTRY_T *p_entry, u32 attr);
            ^
../fs/exfat/exfat_core.h:592:13: warning: unused function 'fat_set_entry_flag' [-Wunused-function]
static void fat_set_entry_flag(DENTRY_T *p_entry, u8 flag);
            ^
../fs/exfat/exfat_core.h:593:13: warning: unused function 'exfat_set_entry_flag' [-Wunused-function]
static void exfat_set_entry_flag(DENTRY_T *p_entry, u8 flag);
            ^
../fs/exfat/exfat_core.h:594:12: warning: unused function 'fat_get_entry_clu0' [-Wunused-function]
static u32 fat_get_entry_clu0(DENTRY_T *p_entry);
           ^
../fs/exfat/exfat_core.h:595:12: warning: unused function 'exfat_get_entry_clu0' [-Wunused-function]
static u32 exfat_get_entry_clu0(DENTRY_T *p_entry);
           ^
../fs/exfat/exfat_core.h:596:13: warning: unused function 'fat_set_entry_clu0' [-Wunused-function]
static void fat_set_entry_clu0(DENTRY_T *p_entry, u32 start_clu);
            ^
../fs/exfat/exfat_core.h:597:13: warning: unused function 'exfat_set_entry_clu0' [-Wunused-function]
static void exfat_set_entry_clu0(DENTRY_T *p_entry, u32 start_clu);
            ^
../fs/exfat/exfat_core.h:598:12: warning: unused function 'fat_get_entry_size' [-Wunused-function]
static u64 fat_get_entry_size(DENTRY_T *p_entry);
           ^
../fs/exfat/exfat_core.h:599:12: warning: unused function 'exfat_get_entry_size' [-Wunused-function]
static u64 exfat_get_entry_size(DENTRY_T *p_entry);
           ^
../fs/exfat/exfat_core.h:600:13: warning: unused function 'fat_set_entry_size' [-Wunused-function]
static void fat_set_entry_size(DENTRY_T *p_entry, u64 size);
            ^
../fs/exfat/exfat_core.h:601:13: warning: unused function 'exfat_set_entry_size' [-Wunused-function]
static void exfat_set_entry_size(DENTRY_T *p_entry, u64 size);
            ^
../fs/exfat/exfat_core.h:602:13: warning: unused function 'fat_get_entry_time' [-Wunused-function]
static void fat_get_entry_time(DENTRY_T *p_entry, TIMESTAMP_T *tp, u8 mode);
            ^
../fs/exfat/exfat_core.h:603:13: warning: unused function 'exfat_get_entry_time' [-Wunused-function]
static void exfat_get_entry_time(DENTRY_T *p_entry, TIMESTAMP_T *tp, u8 mode);
            ^
../fs/exfat/exfat_core.h:604:13: warning: unused function 'fat_set_entry_time' [-Wunused-function]
static void fat_set_entry_time(DENTRY_T *p_entry, TIMESTAMP_T *tp, u8 mode);
            ^
../fs/exfat/exfat_core.h:605:13: warning: unused function 'exfat_set_entry_time' [-Wunused-function]
static void exfat_set_entry_time(DENTRY_T *p_entry, TIMESTAMP_T *tp, u8 mode);
            ^
../fs/exfat/exfat_core.h:606:12: warning: unused function 'fat_init_dir_entry' [-Wunused-function]
static s32 fat_init_dir_entry(struct super_block *sb, CHAIN_T *p_dir, s32 entry, u32 type, u32 start_clu, u64 size);
           ^
../fs/exfat/exfat_core.h:607:12: warning: unused function 'exfat_init_dir_entry' [-Wunused-function]
static s32 exfat_init_dir_entry(struct super_block *sb, CHAIN_T *p_dir, s32 entry, u32 type, u32 start_clu, u64 size);
           ^
../fs/exfat/exfat_core.h:608:12: warning: unused function 'fat_init_ext_dir_entry' [-Wunused-function]
static s32 fat_init_ext_dir_entry(struct super_block *sb, CHAIN_T *p_dir, s32 entry, s32 num_entries, UNI_NAME_T *p_uniname, DOS_NAME_T *p_dosname);
           ^
../fs/exfat/exfat_core.h:609:12: warning: unused function 'exfat_init_ext_dir_entry' [-Wunused-function]
static s32 exfat_init_ext_dir_entry(struct super_block *sb, CHAIN_T *p_dir, s32 entry, s32 num_entries, UNI_NAME_T *p_uniname, DOS_NAME_T *p_dosname);
           ^
../fs/exfat/exfat_core.h:610:13: warning: unused function 'init_dos_entry' [-Wunused-function]
static void init_dos_entry(DOS_DENTRY_T *ep, u32 type, u32 start_clu);
            ^
../fs/exfat/exfat_core.h:611:13: warning: unused function 'init_ext_entry' [-Wunused-function]
static void init_ext_entry(EXT_DENTRY_T *ep, s32 order, u8 chksum, u16 *uniname);
            ^
../fs/exfat/exfat_core.h:612:13: warning: unused function 'init_file_entry' [-Wunused-function]
static void init_file_entry(FILE_DENTRY_T *ep, u32 type);
            ^
../fs/exfat/exfat_core.h:613:13: warning: unused function 'init_strm_entry' [-Wunused-function]
static void init_strm_entry(STRM_DENTRY_T *ep, u8 flags, u32 start_clu, u64 size);
            ^
../fs/exfat/exfat_core.h:614:13: warning: unused function 'init_name_entry' [-Wunused-function]
static void init_name_entry(NAME_DENTRY_T *ep, u16 *uniname);
            ^
../fs/exfat/exfat_core.h:615:13: warning: unused function 'fat_delete_dir_entry' [-Wunused-function]
static void fat_delete_dir_entry(struct super_block *sb, CHAIN_T *p_dir, s32 entry, s32 order, s32 num_entries);
            ^
../fs/exfat/exfat_core.h:616:13: warning: unused function 'exfat_delete_dir_entry' [-Wunused-function]
static void exfat_delete_dir_entry(struct super_block *sb, CHAIN_T *p_dir, s32 entry, s32 order, s32 num_entries);
            ^
../fs/exfat/exfat_core.h:618:12: warning: unused function 'find_location' [-Wunused-function]
static s32 find_location(struct super_block *sb, CHAIN_T *p_dir, s32 entry, u32 *sector, s32 *offset);
           ^
../fs/exfat/exfat_core.h:622:13: warning: unused function 'release_entry_set' [-Wunused-function]
static void release_entry_set(ENTRY_SET_CACHE_T *es);
            ^
../fs/exfat/exfat_core.h:623:12: warning: unused function 'write_whole_entry_set' [-Wunused-function]
static s32 write_whole_entry_set(struct super_block *sb, ENTRY_SET_CACHE_T *es);
           ^
../fs/exfat/exfat_core.h:624:12: warning: unused function 'write_partial_entries_in_entry_set' [-Wunused-function]
static s32 write_partial_entries_in_entry_set(struct super_block *sb, ENTRY_SET_CACHE_T *es, DENTRY_T *ep, u32 count);
           ^
../fs/exfat/exfat_core.h:625:12: warning: unused function 'search_deleted_or_unused_entry' [-Wunused-function]
static s32 search_deleted_or_unused_entry(struct super_block *sb, CHAIN_T *p_dir, s32 num_entries);
           ^
../fs/exfat/exfat_core.h:626:12: warning: unused function 'find_empty_entry' [-Wunused-function]
static s32 find_empty_entry(struct inode *inode, CHAIN_T *p_dir, s32 num_entries);
           ^
../fs/exfat/exfat_core.h:627:12: warning: unused function 'fat_find_dir_entry' [-Wunused-function]
static s32 fat_find_dir_entry(struct super_block *sb, CHAIN_T *p_dir, UNI_NAME_T *p_uniname, s32 num_entries, DOS_NAME_T *p_dosname, u32 type);
           ^
../fs/exfat/exfat_core.h:628:12: warning: unused function 'exfat_find_dir_entry' [-Wunused-function]
static s32 exfat_find_dir_entry(struct super_block *sb, CHAIN_T *p_dir, UNI_NAME_T *p_uniname, s32 num_entries, DOS_NAME_T *p_dosname, u32 type);
           ^
../fs/exfat/exfat_core.h:629:12: warning: unused function 'fat_count_ext_entries' [-Wunused-function]
static s32 fat_count_ext_entries(struct super_block *sb, CHAIN_T *p_dir, s32 entry, DENTRY_T *p_entry);
           ^
../fs/exfat/exfat_core.h:630:12: warning: unused function 'exfat_count_ext_entries' [-Wunused-function]
static s32 exfat_count_ext_entries(struct super_block *sb, CHAIN_T *p_dir, s32 entry, DENTRY_T *p_entry);
           ^
../fs/exfat/exfat_core.h:631:12: warning: unused function 'count_dos_name_entries' [-Wunused-function]
static s32 count_dos_name_entries(struct super_block *sb, CHAIN_T *p_dir, u32 type);
           ^
../fs/exfat/exfat_core.h:632:13: warning: unused function 'update_dir_checksum' [-Wunused-function]
static void update_dir_checksum(struct super_block *sb, CHAIN_T *p_dir, s32 entry);
            ^
../fs/exfat/exfat_core.h:633:13: warning: unused function 'update_dir_checksum_with_entry_set' [-Wunused-function]
static void update_dir_checksum_with_entry_set(struct super_block *sb, ENTRY_SET_CACHE_T *es);
            ^
../fs/exfat/exfat_core.h:634:13: warning: unused function 'is_dir_empty' [-Wunused-function]
static bool is_dir_empty(struct super_block *sb, CHAIN_T *p_dir);
            ^
../fs/exfat/exfat_core.h:637:12: warning: unused function 'get_num_entries_and_dos_name' [-Wunused-function]
static s32 get_num_entries_and_dos_name(struct super_block *sb, CHAIN_T *p_dir, UNI_NAME_T *p_uniname, s32 *entries, DOS_NAME_T *p_dosname);
           ^
../fs/exfat/exfat_core.h:638:13: warning: unused function 'get_uni_name_from_dos_entry' [-Wunused-function]
static void get_uni_name_from_dos_entry(struct super_block *sb, DOS_DENTRY_T *ep, UNI_NAME_T *p_uniname, u8 mode);
            ^
../fs/exfat/exfat_core.h:639:13: warning: unused function 'fat_get_uni_name_from_ext_entry' [-Wunused-function]
static void fat_get_uni_name_from_ext_entry(struct super_block *sb, CHAIN_T *p_dir, s32 entry, u16 *uniname);
            ^
../fs/exfat/exfat_core.h:640:13: warning: unused function 'exfat_get_uni_name_from_ext_entry' [-Wunused-function]
static void exfat_get_uni_name_from_ext_entry(struct super_block *sb, CHAIN_T *p_dir, s32 entry, u16 *uniname);
            ^
../fs/exfat/exfat_core.h:641:12: warning: unused function 'extract_uni_name_from_ext_entry' [-Wunused-function]
static s32 extract_uni_name_from_ext_entry(EXT_DENTRY_T *ep, u16 *uniname, s32 order);
           ^
../fs/exfat/exfat_core.h:642:12: warning: unused function 'extract_uni_name_from_name_entry' [-Wunused-function]
static s32 extract_uni_name_from_name_entry(NAME_DENTRY_T *ep, u16 *uniname, s32 order);
           ^
../fs/exfat/exfat_core.h:643:12: warning: unused function 'fat_generate_dos_name' [-Wunused-function]
static s32 fat_generate_dos_name(struct super_block *sb, CHAIN_T *p_dir, DOS_NAME_T *p_dosname);
           ^
../fs/exfat/exfat_core.h:644:13: warning: unused function 'fat_attach_count_to_dos_name' [-Wunused-function]
static void fat_attach_count_to_dos_name(u8 *dosname, s32 count);
            ^
../fs/exfat/exfat_core.h:645:12: warning: unused function 'fat_calc_num_entries' [-Wunused-function]
static s32 fat_calc_num_entries(UNI_NAME_T *p_uniname);
           ^
../fs/exfat/exfat_core.h:646:12: warning: unused function 'exfat_calc_num_entries' [-Wunused-function]
static s32 exfat_calc_num_entries(UNI_NAME_T *p_uniname);
           ^
../fs/exfat/exfat_core.h:649:12: warning: unused function 'calc_checksum_4byte' [-Wunused-function]
static u32 calc_checksum_4byte(void *data, s32 len, u32 chksum, s32 type);
           ^
../fs/exfat/exfat_core.h:652:12: warning: unused function 'resolve_path' [-Wunused-function]
static s32 resolve_path(struct inode *inode, char *path, CHAIN_T *p_dir, UNI_NAME_T *p_uniname);
           ^
../fs/exfat/exfat_core.h:653:12: warning: unused function 'resolve_name' [-Wunused-function]
static s32 resolve_name(u8 *name, u8 **arg);
           ^
../fs/exfat/exfat_core.h:656:12: warning: unused function 'fat16_mount' [-Wunused-function]
static s32 fat16_mount(struct super_block *sb, PBR_SECTOR_T *p_pbr);
           ^
../fs/exfat/exfat_core.h:657:12: warning: unused function 'fat32_mount' [-Wunused-function]
static s32 fat32_mount(struct super_block *sb, PBR_SECTOR_T *p_pbr);
           ^
../fs/exfat/exfat_core.h:658:12: warning: unused function 'exfat_mount' [-Wunused-function]
static s32 exfat_mount(struct super_block *sb, PBR_SECTOR_T *p_pbr);
           ^
../fs/exfat/exfat_core.h:659:12: warning: unused function 'create_dir' [-Wunused-function]
static s32 create_dir(struct inode *inode, CHAIN_T *p_dir, UNI_NAME_T *p_uniname, FILE_ID_T *fid);
           ^
../fs/exfat/exfat_core.h:660:12: warning: unused function 'create_file' [-Wunused-function]
static s32 create_file(struct inode *inode, CHAIN_T *p_dir, UNI_NAME_T *p_uniname, u8 mode, FILE_ID_T *fid);
           ^
../fs/exfat/exfat_core.h:661:13: warning: unused function 'remove_file' [-Wunused-function]
static void remove_file(struct inode *inode, CHAIN_T *p_dir, s32 entry);
            ^
../fs/exfat/exfat_core.h:662:12: warning: unused function 'rename_file' [-Wunused-function]
static s32 rename_file(struct inode *inode, CHAIN_T *p_dir, s32 old_entry, UNI_NAME_T *p_uniname, FILE_ID_T *fid);
           ^
../fs/exfat/exfat_core.h:663:12: warning: unused function 'move_file' [-Wunused-function]
static s32 move_file(struct inode *inode, CHAIN_T *p_olddir, s32 oldentry, CHAIN_T *p_newdir, UNI_NAME_T *p_uniname, FILE_ID_T *fid);
           ^
../fs/exfat/exfat_core.h:668:12: warning: unused function 'multi_sector_read' [-Wunused-function]
static s32 multi_sector_read(struct super_block *sb, u32 sec, struct buffer_head **bh, s32 num_secs, s32 read);
           ^
../fs/exfat/exfat_core.h:669:12: warning: unused function 'multi_sector_write' [-Wunused-function]
static s32 multi_sector_write(struct super_block *sb, u32 sec, struct buffer_head *bh, s32 num_secs, s32 sync);
           ^
117 warnings generated.
  CC      fs/exfat/exfat_data.o
  CC      mm/process_mm_reclaim.o
  CC      kernel/irq/affinity.o
In file included from ../fs/exfat/exfat_data.c:37:
../fs/exfat/exfat_oal.h:68:12: warning: unused function 'sm_init' [-Wunused-function]
static s32 sm_init(struct semaphore *sm);
           ^
In file included from ../fs/exfat/exfat_data.c:39:
../fs/exfat/exfat_blkdev.h:65:12: warning: unused function 'bdev_init' [-Wunused-function]
static s32 bdev_init(void);
           ^
../fs/exfat/exfat_blkdev.h:66:12: warning: unused function 'bdev_shutdown' [-Wunused-function]
static s32 bdev_shutdown(void);
           ^
../fs/exfat/exfat_blkdev.h:67:12: warning: unused function 'bdev_open' [-Wunused-function]
static s32 bdev_open(struct super_block *sb);
           ^
../fs/exfat/exfat_blkdev.h:68:12: warning: unused function 'bdev_close' [-Wunused-function]
static s32 bdev_close(struct super_block *sb);
           ^
../fs/exfat/exfat_blkdev.h:69:12: warning: unused function 'bdev_read' [-Wunused-function]
static s32 bdev_read(struct super_block *sb, u32 secno, struct buffer_head **bh, u32 num_secs, s32 read);
           ^
../fs/exfat/exfat_blkdev.h:70:12: warning: unused function 'bdev_write' [-Wunused-function]
static s32 bdev_write(struct super_block *sb, u32 secno, struct buffer_head *bh, u32 num_secs, s32 sync);
           ^
../fs/exfat/exfat_blkdev.h:71:12: warning: unused function 'bdev_sync' [-Wunused-function]
static s32 bdev_sync(struct super_block *sb);
           ^
In file included from ../fs/exfat/exfat_data.c:40:
../fs/exfat/exfat_cache.h:69:12: warning: unused function 'buf_init' [-Wunused-function]
static s32 buf_init(struct super_block *sb);
           ^
../fs/exfat/exfat_cache.h:70:12: warning: unused function 'buf_shutdown' [-Wunused-function]
static s32 buf_shutdown(struct super_block *sb);
           ^
../fs/exfat/exfat_cache.h:78:13: warning: unused function 'buf_modify' [-Wunused-function]
static void buf_modify(struct super_block *sb, u32 sec);
            ^
../fs/exfat/exfat_cache.h:79:13: warning: unused function 'buf_lock' [-Wunused-function]
static void buf_lock(struct super_block *sb, u32 sec);
            ^
../fs/exfat/exfat_cache.h:80:13: warning: unused function 'buf_unlock' [-Wunused-function]
static void buf_unlock(struct super_block *sb, u32 sec);
            ^
../fs/exfat/exfat_cache.h:81:13: warning: unused function 'buf_release' [-Wunused-function]
static void buf_release(struct super_block *sb, u32 sec);
            ^
../fs/exfat/exfat_cache.h:82:13: warning: unused function 'buf_release_all' [-Wunused-function]
static void buf_release_all(struct super_block *sb);
            ^
../fs/exfat/exfat_cache.h:83:13: warning: unused function 'buf_sync' [-Wunused-function]
static void buf_sync(struct super_block *sb);
            ^
In file included from ../fs/exfat/exfat_data.c:41:
../fs/exfat/exfat_nls.h:84:12: warning: unused function 'nls_dosname_cmp' [-Wunused-function]
static s32 nls_dosname_cmp(struct super_block *sb, u8 *a, u8 *b);
           ^
../fs/exfat/exfat_nls.h:85:12: warning: unused function 'nls_uniname_cmp' [-Wunused-function]
static s32 nls_uniname_cmp(struct super_block *sb, u16 *a, u16 *b);
           ^
../fs/exfat/exfat_nls.h:86:13: warning: unused function 'nls_uniname_to_dosname' [-Wunused-function]
static void nls_uniname_to_dosname(struct super_block *sb, DOS_NAME_T *p_dosname, UNI_NAME_T *p_uniname, s32 *p_lossy);
            ^
../fs/exfat/exfat_nls.h:87:13: warning: unused function 'nls_dosname_to_uniname' [-Wunused-function]
static void nls_dosname_to_uniname(struct super_block *sb, UNI_NAME_T *p_uniname, DOS_NAME_T *p_dosname);
            ^
../fs/exfat/exfat_nls.h:88:13: warning: unused function 'nls_uniname_to_cstring' [-Wunused-function]
static void nls_uniname_to_cstring(struct super_block *sb, u8 *p_cstring, UNI_NAME_T *p_uniname);
            ^
../fs/exfat/exfat_nls.h:89:13: warning: unused function 'nls_cstring_to_uniname' [-Wunused-function]
static void nls_cstring_to_uniname(struct super_block *sb, UNI_NAME_T *p_uniname, u8 *p_cstring, s32 *p_lossy);
            ^
In file included from ../fs/exfat/exfat_data.c:42:
In file included from ../fs/exfat/exfat_super.h:39:
../fs/exfat/exfat_core.h:551:12: warning: unused function 'fs_init' [-Wunused-function]
static s32 fs_init(void);
           ^
../fs/exfat/exfat_core.h:552:12: warning: unused function 'fs_shutdown' [-Wunused-function]
static s32 fs_shutdown(void);
           ^
../fs/exfat/exfat_core.h:553:13: warning: unused function 'fs_set_vol_flags' [-Wunused-function]
static void fs_set_vol_flags(struct super_block *sb, u32 new_flag);
            ^
../fs/exfat/exfat_core.h:554:13: warning: unused function 'fs_sync' [-Wunused-function]
static void fs_sync(struct super_block *sb, s32 do_sync);
            ^
../fs/exfat/exfat_core.h:555:13: warning: unused function 'fs_error' [-Wunused-function]
static void fs_error(struct super_block *sb);
            ^
../fs/exfat/exfat_core.h:558:12: warning: unused function 'clear_cluster' [-Wunused-function]
static s32 clear_cluster(struct super_block *sb, u32 clu);
           ^
../fs/exfat/exfat_core.h:559:12: warning: unused function 'fat_alloc_cluster' [-Wunused-function]
static s32 fat_alloc_cluster(struct super_block *sb, s32 num_alloc, CHAIN_T *p_chain);
           ^
../fs/exfat/exfat_core.h:560:12: warning: unused function 'exfat_alloc_cluster' [-Wunused-function]
static s32 exfat_alloc_cluster(struct super_block *sb, s32 num_alloc, CHAIN_T *p_chain);
           ^
../fs/exfat/exfat_core.h:561:13: warning: unused function 'fat_free_cluster' [-Wunused-function]
static void fat_free_cluster(struct super_block *sb, CHAIN_T *p_chain, s32 do_relse);
            ^
../fs/exfat/exfat_core.h:562:13: warning: unused function 'exfat_free_cluster' [-Wunused-function]
static void exfat_free_cluster(struct super_block *sb, CHAIN_T *p_chain, s32 do_relse);
            ^
../fs/exfat/exfat_core.h:563:12: warning: unused function 'find_last_cluster' [-Wunused-function]
static u32 find_last_cluster(struct super_block *sb, CHAIN_T *p_chain);
           ^
../fs/exfat/exfat_core.h:564:12: warning: unused function 'count_num_clusters' [-Wunused-function]
static s32 count_num_clusters(struct super_block *sb, CHAIN_T *dir);
           ^
../fs/exfat/exfat_core.h:565:12: warning: unused function 'fat_count_used_clusters' [-Wunused-function]
static s32 fat_count_used_clusters(struct super_block *sb);
           ^
../fs/exfat/exfat_core.h:566:12: warning: unused function 'exfat_count_used_clusters' [-Wunused-function]
static s32 exfat_count_used_clusters(struct super_block *sb);
           ^
../fs/exfat/exfat_core.h:567:13: warning: unused function 'exfat_chain_cont_cluster' [-Wunused-function]
static void exfat_chain_cont_cluster(struct super_block *sb, u32 chain, s32 len);
            ^
../fs/exfat/exfat_core.h:570:12: warning: unused function 'load_alloc_bitmap' [-Wunused-function]
static s32 load_alloc_bitmap(struct super_block *sb);
           ^
../fs/exfat/exfat_core.h:571:13: warning: unused function 'free_alloc_bitmap' [-Wunused-function]
static void free_alloc_bitmap(struct super_block *sb);
            ^
../fs/exfat/exfat_core.h:572:12: warning: unused function 'set_alloc_bitmap' [-Wunused-function]
static s32 set_alloc_bitmap(struct super_block *sb, u32 clu);
           ^
../fs/exfat/exfat_core.h:573:12: warning: unused function 'clr_alloc_bitmap' [-Wunused-function]
static s32 clr_alloc_bitmap(struct super_block *sb, u32 clu);
           ^
../fs/exfat/exfat_core.h:574:12: warning: unused function 'test_alloc_bitmap' [-Wunused-function]
static u32 test_alloc_bitmap(struct super_block *sb, u32 clu);
           ^
../fs/exfat/exfat_core.h:575:13: warning: unused function 'sync_alloc_bitmap' [-Wunused-function]
static void sync_alloc_bitmap(struct super_block *sb);
            ^
../fs/exfat/exfat_core.h:578:12: warning: unused function 'load_upcase_table' [-Wunused-function]
static s32 load_upcase_table(struct super_block *sb);
           ^
../fs/exfat/exfat_core.h:579:13: warning: unused function 'free_upcase_table' [-Wunused-function]
static void free_upcase_table(struct super_block *sb);
            ^
../fs/exfat/exfat_core.h:582:12: warning: unused function 'fat_get_entry_type' [-Wunused-function]
static u32 fat_get_entry_type(DENTRY_T *p_entry);
           ^
../fs/exfat/exfat_core.h:583:12: warning: unused function 'exfat_get_entry_type' [-Wunused-function]
static u32 exfat_get_entry_type(DENTRY_T *p_entry);
           ^
../fs/exfat/exfat_core.h:584:13: warning: unused function 'fat_set_entry_type' [-Wunused-function]
static void fat_set_entry_type(DENTRY_T *p_entry, u32 type);
            ^
../fs/exfat/exfat_core.h:585:13: warning: unused function 'exfat_set_entry_type' [-Wunused-function]
static void exfat_set_entry_type(DENTRY_T *p_entry, u32 type);
            ^
../fs/exfat/exfat_core.h:586:12: warning: unused function 'fat_get_entry_attr' [-Wunused-function]
static u32 fat_get_entry_attr(DENTRY_T *p_entry);
           ^
../fs/exfat/exfat_core.h:587:12: warning: unused function 'exfat_get_entry_attr' [-Wunused-function]
static u32 exfat_get_entry_attr(DENTRY_T *p_entry);
           ^
../fs/exfat/exfat_core.h:588:13: warning: unused function 'fat_set_entry_attr' [-Wunused-function]
static void fat_set_entry_attr(DENTRY_T *p_entry, u32 attr);
            ^
../fs/exfat/exfat_core.h:589:13: warning: unused function 'exfat_set_entry_attr' [-Wunused-function]
static void exfat_set_entry_attr(DENTRY_T *p_entry, u32 attr);
            ^
../fs/exfat/exfat_core.h:592:13: warning: unused function 'fat_set_entry_flag' [-Wunused-function]
static void fat_set_entry_flag(DENTRY_T *p_entry, u8 flag);
            ^
../fs/exfat/exfat_core.h:593:13: warning: unused function 'exfat_set_entry_flag' [-Wunused-function]
static void exfat_set_entry_flag(DENTRY_T *p_entry, u8 flag);
            ^
../fs/exfat/exfat_core.h:594:12: warning: unused function 'fat_get_entry_clu0' [-Wunused-function]
static u32 fat_get_entry_clu0(DENTRY_T *p_entry);
           ^
../fs/exfat/exfat_core.h:595:12: warning: unused function 'exfat_get_entry_clu0' [-Wunused-function]
static u32 exfat_get_entry_clu0(DENTRY_T *p_entry);
           ^
../fs/exfat/exfat_core.h:596:13: warning: unused function 'fat_set_entry_clu0' [-Wunused-function]
static void fat_set_entry_clu0(DENTRY_T *p_entry, u32 start_clu);
            ^
../fs/exfat/exfat_core.h:597:13: warning: unused function 'exfat_set_entry_clu0' [-Wunused-function]
static void exfat_set_entry_clu0(DENTRY_T *p_entry, u32 start_clu);
            ^
../fs/exfat/exfat_core.h:598:12: warning: unused function 'fat_get_entry_size' [-Wunused-function]
static u64 fat_get_entry_size(DENTRY_T *p_entry);
           ^
../fs/exfat/exfat_core.h:599:12: warning: unused function 'exfat_get_entry_size' [-Wunused-function]
static u64 exfat_get_entry_size(DENTRY_T *p_entry);
           ^
../fs/exfat/exfat_core.h:600:13: warning: unused function 'fat_set_entry_size' [-Wunused-function]
static void fat_set_entry_size(DENTRY_T *p_entry, u64 size);
            ^
../fs/exfat/exfat_core.h:601:13: warning: unused function 'exfat_set_entry_size' [-Wunused-function]
static void exfat_set_entry_size(DENTRY_T *p_entry, u64 size);
            ^
../fs/exfat/exfat_core.h:602:13: warning: unused function 'fat_get_entry_time' [-Wunused-function]
static void fat_get_entry_time(DENTRY_T *p_entry, TIMESTAMP_T *tp, u8 mode);
            ^
../fs/exfat/exfat_core.h:603:13: warning: unused function 'exfat_get_entry_time' [-Wunused-function]
static void exfat_get_entry_time(DENTRY_T *p_entry, TIMESTAMP_T *tp, u8 mode);
            ^
../fs/exfat/exfat_core.h:604:13: warning: unused function 'fat_set_entry_time' [-Wunused-function]
static void fat_set_entry_time(DENTRY_T *p_entry, TIMESTAMP_T *tp, u8 mode);
            ^
../fs/exfat/exfat_core.h:605:13: warning: unused function 'exfat_set_entry_time' [-Wunused-function]
static void exfat_set_entry_time(DENTRY_T *p_entry, TIMESTAMP_T *tp, u8 mode);
            ^
../fs/exfat/exfat_core.h:606:12: warning: unused function 'fat_init_dir_entry' [-Wunused-function]
static s32 fat_init_dir_entry(struct super_block *sb, CHAIN_T *p_dir, s32 entry, u32 type, u32 start_clu, u64 size);
           ^
../fs/exfat/exfat_core.h:607:12: warning: unused function 'exfat_init_dir_entry' [-Wunused-function]
static s32 exfat_init_dir_entry(struct super_block *sb, CHAIN_T *p_dir, s32 entry, u32 type, u32 start_clu, u64 size);
           ^
../fs/exfat/exfat_core.h:608:12: warning: unused function 'fat_init_ext_dir_entry' [-Wunused-function]
static s32 fat_init_ext_dir_entry(struct super_block *sb, CHAIN_T *p_dir, s32 entry, s32 num_entries, UNI_NAME_T *p_uniname, DOS_NAME_T *p_dosname);
           ^
../fs/exfat/exfat_core.h:609:12: warning: unused function 'exfat_init_ext_dir_entry' [-Wunused-function]
static s32 exfat_init_ext_dir_entry(struct super_block *sb, CHAIN_T *p_dir, s32 entry, s32 num_entries, UNI_NAME_T *p_uniname, DOS_NAME_T *p_dosname);
           ^
../fs/exfat/exfat_core.h:610:13: warning: unused function 'init_dos_entry' [-Wunused-function]
static void init_dos_entry(DOS_DENTRY_T *ep, u32 type, u32 start_clu);
            ^
../fs/exfat/exfat_core.h:611:13: warning: unused function 'init_ext_entry' [-Wunused-function]
static void init_ext_entry(EXT_DENTRY_T *ep, s32 order, u8 chksum, u16 *uniname);
            ^
../fs/exfat/exfat_core.h:612:13: warning: unused function 'init_file_entry' [-Wunused-function]
static void init_file_entry(FILE_DENTRY_T *ep, u32 type);
            ^
../fs/exfat/exfat_core.h:613:13: warning: unused function 'init_strm_entry' [-Wunused-function]
static void init_strm_entry(STRM_DENTRY_T *ep, u8 flags, u32 start_clu, u64 size);
            ^
../fs/exfat/exfat_core.h:614:13: warning: unused function 'init_name_entry' [-Wunused-function]
static void init_name_entry(NAME_DENTRY_T *ep, u16 *uniname);
            ^
../fs/exfat/exfat_core.h:615:13: warning: unused function 'fat_delete_dir_entry' [-Wunused-function]
static void fat_delete_dir_entry(struct super_block *sb, CHAIN_T *p_dir, s32 entry, s32 order, s32 num_entries);
            ^
../fs/exfat/exfat_core.h:616:13: warning: unused function 'exfat_delete_dir_entry' [-Wunused-function]
static void exfat_delete_dir_entry(struct super_block *sb, CHAIN_T *p_dir, s32 entry, s32 order, s32 num_entries);
            ^
../fs/exfat/exfat_core.h:618:12: warning: unused function 'find_location' [-Wunused-function]
static s32 find_location(struct super_block *sb, CHAIN_T *p_dir, s32 entry, u32 *sector, s32 *offset);
           ^
../fs/exfat/exfat_core.h:622:13: warning: unused function 'release_entry_set' [-Wunused-function]
static void release_entry_set(ENTRY_SET_CACHE_T *es);
            ^
../fs/exfat/exfat_core.h:623:12: warning: unused function 'write_whole_entry_set' [-Wunused-function]
static s32 write_whole_entry_set(struct super_block *sb, ENTRY_SET_CACHE_T *es);
           ^
../fs/exfat/exfat_core.h:624:12: warning: unused function 'write_partial_entries_in_entry_set' [-Wunused-function]
static s32 write_partial_entries_in_entry_set(struct super_block *sb, ENTRY_SET_CACHE_T *es, DENTRY_T *ep, u32 count);
           ^
../fs/exfat/exfat_core.h:625:12: warning: unused function 'search_deleted_or_unused_entry' [-Wunused-function]
static s32 search_deleted_or_unused_entry(struct super_block *sb, CHAIN_T *p_dir, s32 num_entries);
           ^
../fs/exfat/exfat_core.h:626:12: warning: unused function 'find_empty_entry' [-Wunused-function]
static s32 find_empty_entry(struct inode *inode, CHAIN_T *p_dir, s32 num_entries);
           ^
../fs/exfat/exfat_core.h:627:12: warning: unused function 'fat_find_dir_entry' [-Wunused-function]
static s32 fat_find_dir_entry(struct super_block *sb, CHAIN_T *p_dir, UNI_NAME_T *p_uniname, s32 num_entries, DOS_NAME_T *p_dosname, u32 type);
           ^
../fs/exfat/exfat_core.h:628:12: warning: unused function 'exfat_find_dir_entry' [-Wunused-function]
static s32 exfat_find_dir_entry(struct super_block *sb, CHAIN_T *p_dir, UNI_NAME_T *p_uniname, s32 num_entries, DOS_NAME_T *p_dosname, u32 type);
           ^
../fs/exfat/exfat_core.h:629:12: warning: unused function 'fat_count_ext_entries' [-Wunused-function]
static s32 fat_count_ext_entries(struct super_block *sb, CHAIN_T *p_dir, s32 entry, DENTRY_T *p_entry);
           ^
../fs/exfat/exfat_core.h:630:12: warning: unused function 'exfat_count_ext_entries' [-Wunused-function]
static s32 exfat_count_ext_entries(struct super_block *sb, CHAIN_T *p_dir, s32 entry, DENTRY_T *p_entry);
           ^
../fs/exfat/exfat_core.h:631:12: warning: unused function 'count_dos_name_entries' [-Wunused-function]
static s32 count_dos_name_entries(struct super_block *sb, CHAIN_T *p_dir, u32 type);
           ^
../fs/exfat/exfat_core.h:632:13: warning: unused function 'update_dir_checksum' [-Wunused-function]
static void update_dir_checksum(struct super_block *sb, CHAIN_T *p_dir, s32 entry);
            ^
../fs/exfat/exfat_core.h:633:13: warning: unused function 'update_dir_checksum_with_entry_set' [-Wunused-function]
static void update_dir_checksum_with_entry_set(struct super_block *sb, ENTRY_SET_CACHE_T *es);
            ^
../fs/exfat/exfat_core.h:634:13: warning: unused function 'is_dir_empty' [-Wunused-function]
static bool is_dir_empty(struct super_block *sb, CHAIN_T *p_dir);
            ^
../fs/exfat/exfat_core.h:637:12: warning: unused function 'get_num_entries_and_dos_name' [-Wunused-function]
static s32 get_num_entries_and_dos_name(struct super_block *sb, CHAIN_T *p_dir, UNI_NAME_T *p_uniname, s32 *entries, DOS_NAME_T *p_dosname);
           ^
../fs/exfat/exfat_core.h:638:13: warning: unused function 'get_uni_name_from_dos_entry' [-Wunused-function]
static void get_uni_name_from_dos_entry(struct super_block *sb, DOS_DENTRY_T *ep, UNI_NAME_T *p_uniname, u8 mode);
            ^
../fs/exfat/exfat_core.h:639:13: warning: unused function 'fat_get_uni_name_from_ext_entry' [-Wunused-function]
static void fat_get_uni_name_from_ext_entry(struct super_block *sb, CHAIN_T *p_dir, s32 entry, u16 *uniname);
            ^
../fs/exfat/exfat_core.h:640:13: warning: unused function 'exfat_get_uni_name_from_ext_entry' [-Wunused-function]
static void exfat_get_uni_name_from_ext_entry(struct super_block *sb, CHAIN_T *p_dir, s32 entry, u16 *uniname);
            ^
../fs/exfat/exfat_core.h:641:12: warning: unused function 'extract_uni_name_from_ext_entry' [-Wunused-function]
static s32 extract_uni_name_from_ext_entry(EXT_DENTRY_T *ep, u16 *uniname, s32 order);
           ^
../fs/exfat/exfat_core.h:642:12: warning: unused function 'extract_uni_name_from_name_entry' [-Wunused-function]
static s32 extract_uni_name_from_name_entry(NAME_DENTRY_T *ep, u16 *uniname, s32 order);
           ^
../fs/exfat/exfat_core.h:643:12: warning: unused function 'fat_generate_dos_name' [-Wunused-function]
static s32 fat_generate_dos_name(struct super_block *sb, CHAIN_T *p_dir, DOS_NAME_T *p_dosname);
           ^
../fs/exfat/exfat_core.h:644:13: warning: unused function 'fat_attach_count_to_dos_name' [-Wunused-function]
static void fat_attach_count_to_dos_name(u8 *dosname, s32 count);
            ^
../fs/exfat/exfat_core.h:645:12: warning: unused function 'fat_calc_num_entries' [-Wunused-function]
static s32 fat_calc_num_entries(UNI_NAME_T *p_uniname);
           ^
../fs/exfat/exfat_core.h:646:12: warning: unused function 'exfat_calc_num_entries' [-Wunused-function]
static s32 exfat_calc_num_entries(UNI_NAME_T *p_uniname);
           ^
../fs/exfat/exfat_core.h:649:12: warning: unused function 'calc_checksum_4byte' [-Wunused-function]
static u32 calc_checksum_4byte(void *data, s32 len, u32 chksum, s32 type);
           ^
../fs/exfat/exfat_core.h:652:12: warning: unused function 'resolve_path' [-Wunused-function]
static s32 resolve_path(struct inode *inode, char *path, CHAIN_T *p_dir, UNI_NAME_T *p_uniname);
           ^
../fs/exfat/exfat_core.h:653:12: warning: unused function 'resolve_name' [-Wunused-function]
static s32 resolve_name(u8 *name, u8 **arg);
           ^
../fs/exfat/exfat_core.h:656:12: warning: unused function 'fat16_mount' [-Wunused-function]
static s32 fat16_mount(struct super_block *sb, PBR_SECTOR_T *p_pbr);
           ^
../fs/exfat/exfat_core.h:657:12: warning: unused function 'fat32_mount' [-Wunused-function]
static s32 fat32_mount(struct super_block *sb, PBR_SECTOR_T *p_pbr);
           ^
../fs/exfat/exfat_core.h:658:12: warning: unused function 'exfat_mount' [-Wunused-function]
static s32 exfat_mount(struct super_block *sb, PBR_SECTOR_T *p_pbr);
           ^
../fs/exfat/exfat_core.h:659:12: warning: unused function 'create_dir' [-Wunused-function]
static s32 create_dir(struct inode *inode, CHAIN_T *p_dir, UNI_NAME_T *p_uniname, FILE_ID_T *fid);
           ^
../fs/exfat/exfat_core.h:660:12: warning: unused function 'create_file' [-Wunused-function]
static s32 create_file(struct inode *inode, CHAIN_T *p_dir, UNI_NAME_T *p_uniname, u8 mode, FILE_ID_T *fid);
           ^
../fs/exfat/exfat_core.h:661:13: warning: unused function 'remove_file' [-Wunused-function]
static void remove_file(struct inode *inode, CHAIN_T *p_dir, s32 entry);
            ^
../fs/exfat/exfat_core.h:662:12: warning: unused function 'rename_file' [-Wunused-function]
static s32 rename_file(struct inode *inode, CHAIN_T *p_dir, s32 old_entry, UNI_NAME_T *p_uniname, FILE_ID_T *fid);
           ^
../fs/exfat/exfat_core.h:663:12: warning: unused function 'move_file' [-Wunused-function]
static s32 move_file(struct inode *inode, CHAIN_T *p_olddir, s32 oldentry, CHAIN_T *p_newdir, UNI_NAME_T *p_uniname, FILE_ID_T *fid);
           ^
../fs/exfat/exfat_core.h:666:12: warning: unused function 'sector_read' [-Wunused-function]
static s32 sector_read(struct super_block *sb, u32 sec, struct buffer_head **bh, s32 read);
           ^
../fs/exfat/exfat_core.h:667:12: warning: unused function 'sector_write' [-Wunused-function]
static s32 sector_write(struct super_block *sb, u32 sec, struct buffer_head *bh, s32 sync);
           ^
../fs/exfat/exfat_core.h:668:12: warning: unused function 'multi_sector_read' [-Wunused-function]
static s32 multi_sector_read(struct super_block *sb, u32 sec, struct buffer_head **bh, s32 num_secs, s32 read);
           ^
../fs/exfat/exfat_core.h:669:12: warning: unused function 'multi_sector_write' [-Wunused-function]
static s32 multi_sector_write(struct super_block *sb, u32 sec, struct buffer_head *bh, s32 num_secs, s32 sync);
           ^
117 warnings generated.
  CC      fs/exfat/exfat_bitmap.o
../fs/exfat/exfat_bitmap.c:45:12: error: static declaration of 'exfat_bitmap_test' follows non-static declaration
static s32 exfat_bitmap_test(u8 *bitmap, int i)
           ^
../fs/exfat/exfat_bitmap.h:51:5: note: previous declaration is here
s32     exfat_bitmap_test(u8 *bitmap, int i);
        ^
../fs/exfat/exfat_bitmap.c:55:13: error: static declaration of 'exfat_bitmap_set' follows non-static declaration
static void exfat_bitmap_set(u8 *bitmap, int i)
            ^
../fs/exfat/exfat_bitmap.h:52:6: note: previous declaration is here
void    exfat_bitmap_set(u8 *bitmap, int i);
        ^
../fs/exfat/exfat_bitmap.c:60:13: error: static declaration of 'exfat_bitmap_clear' follows non-static declaration
static void exfat_bitmap_clear(u8 *bitmap, int i)
            ^
../fs/exfat/exfat_bitmap.h:53:6: note: previous declaration is here
void    exfat_bitmap_clear(u8 *bitmpa, int i);
        ^
3 errors generated.
make[3]: *** [../scripts/Makefile.build:356: fs/exfat/exfat_bitmap.o] Error 1
make[2]: *** [../scripts/Makefile.build:671: fs/exfat] Error 2
make[1]: *** [/home/runner/work/a72-kernel-build/a72-kernel-build/kernel_workspace/android-kernel/Makefile:1245: fs] Error 2
make[1]: *** Waiting for unfinished jobs....
  CC      kernel/keventupload/oplus_kevent_upload.o
  CC      security/selinux/ss/mls.o
  AR      kernel/irq/built-in.o
  CC      security/commoncap.o
  CC      mm/healthinfo/memory_monitor.o
  CC      security/selinux/ss/status.o
  AR      mm/healthinfo/built-in.o
  CC      mm/multi_kswapd/multi_kswapd.o
  AR      kernel/keventupload/built-in.o
  AR      kernel/livepatch/built-in.o
  CC      kernel/locking/mutex.o
  CC      kernel/power/qos.o
  AR      mm/multi_kswapd/built-in.o
  CC      mm/task_mem/tasks_memory.o
  AR      security/selinux/selinux.o
  AR      security/selinux/built-in.o
  CC      security/min_addr.o
  CC      kernel/locking/semaphore.o
  CC      security/security.o
  AR      mm/task_mem/built-in.o
  CC      mm/multi_freearea.o
  CC      kernel/power/main.o
  CC      kernel/locking/rwsem.o
  CC      mm/async_shrink_slabd.o
  CC      kernel/power/process.o
  CC      kernel/locking/percpu-rwsem.o
  AR      mm/built-in.o
  CC      kernel/locking/spinlock.o
  CC      kernel/printk/printk.o
  CC      kernel/power/suspend.o
  CC      security/inode.o
  CC      kernel/locking/osq_lock.o
  CC      kernel/locking/rtmutex.o
  CC      security/lsm_audit.o
  CC      kernel/power/wakelock.o
  CC      kernel/locking/rwsem-xadd.o
  CC      kernel/printk/printk_safe.o
  CC      security/device_cgroup.o
  AR      kernel/printk/built-in.o
  CC      kernel/power/poweroff.o
  CC      kernel/rcu/update.o
  CC      kernel/power/wakeup_reason.o
  AR      kernel/locking/built-in.o
  CC      kernel/rcu/sync.o
  AR      security/built-in.o
  CC      kernel/sched_assist/sched_assist_common.o
  CC      kernel/sched/core.o
  CC      kernel/rcu/srcutree.o
  AR      kernel/power/built-in.o
  CC      kernel/time/time.o
  CC      kernel/rcu/tree.o
  CC      kernel/sched_assist/sched_assist_mutex.o
  CC      kernel/time/timer.o
  CC      kernel/sched_assist/sched_assist_rwsem.o
  CC      kernel/sched_assist/sched_assist_futex.o
  CC      kernel/sched_assist/sched_assist_workqueue.o
  CC      kernel/sched_assist/sched_assist_rt.o
  CC      kernel/time/hrtimer.o
  CC      kernel/sched_assist/sched_assist_slide_v1.o
  CC      kernel/rcu/rcu_segcblist.o
  AR      kernel/sched_assist/built-in.o
  CC      kernel/sched/loadavg.o
  AR      kernel/rcu/built-in.o
  CC      kernel/trace/trace_clock.o
  CC      kernel/time/timekeeping.o
  CC      kernel/trace/ring_buffer.o
  CC      kernel/time/ntp.o
  CC      kernel/freezer.o
  CC      kernel/time/clocksource.o
  CC      kernel/time/jiffies.o
  CC      kernel/trace/trace.o
  CC      kernel/sched/clock.o
  CC      kernel/time/timer_list.o
  CC      kernel/sched/cputime.o
  CC      kernel/profile.o
  CC      kernel/time/timeconv.o
  CC      kernel/time/timecounter.o
  CC      kernel/time/alarmtimer.o
  CC      kernel/sched/idle_task.o
  CC      kernel/stacktrace.o
  CC      kernel/trace/trace_output.o
  CC      kernel/sched/fair.o
  CC      kernel/time/posix-timers.o
  CC      kernel/trace/trace_seq.o
  CC      kernel/time/posix-cpu-timers.o
  CC      kernel/futex.o
  CC      kernel/trace/trace_stat.o
  CC      kernel/time/posix-clock.o
  CC      kernel/trace/trace_printk.o
  CC      kernel/time/itimer.o
  CC      kernel/trace/trace_sched_switch.o
  CC      kernel/sched/rt.o
  CC      kernel/time/clockevents.o
  CC      kernel/trace/trace_nop.o
  CC      kernel/time/tick-common.o
  CC      kernel/trace/blktrace.o
  CC      kernel/sched/deadline.o
  CC      kernel/time/tick-broadcast.o
  CC      kernel/trace/trace_events.o
  CC      kernel/sched/wait.o
  CC      kernel/time/tick-broadcast-hrtimer.o
  CC      kernel/time/sched_clock.o
  CC      kernel/sched/wait_bit.o
  CC      kernel/smp.o
  CC      kernel/time/tick-oneshot.o
  CC      kernel/sched/swait.o
  CC      kernel/time/tick-sched.o
  CC      kernel/trace/trace_export.o
  CC      kernel/sched/completion.o
  CC      kernel/uid16.o
  CC      kernel/sched/idle.o
  CC      kernel/trace/trace_event_perf.o
  CC      kernel/time/timer_list_aee.o
  CC      kernel/trace/trace_events_filter.o
  AR      kernel/time/built-in.o
  CC      kernel/module.o
  CC      kernel/trace/trace_events_trigger.o
  CC      kernel/sched/cpupri.o
  CC      kernel/sched/cpudeadline.o
  CC      kernel/trace/bpf_trace.o
  CC      kernel/sched/topology.o
  CC      kernel/module_signing.o
  CC      kernel/sched/stop_task.o
  CC      kernel/trace/power-traces.o
  CC      kernel/kallsyms.o
  CC      kernel/sched/energy.o
  CC      kernel/trace/rpm-traces.o
  CC      kernel/sched/walt.o
  CC      kernel/compat.o
  CC      kernel/trace/trace_probe.o
  CC      kernel/sched/stats.o
  CC      kernel/sched/debug.o
  CC      kernel/utsname.o
  CC      kernel/trace/trace_uprobe.o
  CC      kernel/user_namespace.o
  CC      kernel/sched/tune.o
  CC      kernel/pid_namespace.o
  CC      kernel/trace/mtk_trace.o
  GZIP    kernel/config_data.gz
  CC      kernel/sched/cpuacct.o
  AR      kernel/trace/built-in.o
  CC      kernel/stop_machine.o
  CC      kernel/sched/cpufreq.o
  CC      kernel/audit.o
  CC      kernel/sched/cpufreq_schedutil.o
  CC      kernel/auditfilter.o
  CC      kernel/sched/membarrier.o
  CC      kernel/sched/psi.o
  CC      kernel/auditsc.o
  CC      kernel/audit_watch.o
  CC      kernel/audit_fsnotify.o
  AR      kernel/sched/built-in.o
  CC      kernel/audit_tree.o
  CC      kernel/seccomp.o
  CC      kernel/utsname_sysctl.o
  CC      kernel/taskstats.o
  CC      kernel/tsacct.o
  CC      kernel/tracepoint.o
  CC      kernel/elfcore.o
  CC      kernel/irq_work.o
  CC      kernel/cpu_pm.o
  CC      kernel/scs.o
  CC      kernel/memremap.o
  CHK     kernel/kheaders_data.tar.xz
  CHK     kernel/config_data.h
  UPD     kernel/config_data.h
  CC      kernel/configs.o
  GEN     kernel/kheaders_data.tar.xz
  AR      kernel/built-in.o
  CC [M]  kernel/kheaders.o
make[1]: Leaving directory '/home/runner/work/a72-kernel-build/a72-kernel-build/kernel_workspace/android-kernel/out'
make: *** [Makefile:146: sub-make] Error 2
